
SET FOREIGN_KEY_CHECKS = 0;

DROP TABLE IF EXISTS consultations;
DROP TABLE IF EXISTS appointments;
DROP TABLE IF EXISTS patient_documents;
DROP TABLE IF EXISTS patients;
DROP TABLE IF EXISTS users;
DROP TABLE IF EXISTS guests;
DROP TABLE IF EXISTS guest_activities;

SET SQL_MODE = "NO_AUTO_VALUE_ON_ZERO";
SET AUTOCOMMIT = 0;
START TRANSACTION;
SET time_zone = "+00:00";

CREATE TABLE `consultations` (
  `id` int(11) NOT NULL,
  `patient_id` int(11) NOT NULL,
  `date_consultation` datetime NOT NULL,
  `motif` text NOT NULL,
  `diagnostic` text NOT NULL,
  `traitement` text NOT NULL,
  `cout` decimal(10,2) NOT NULL
) ENGINE=InnoDB DEFAULT CHARSET=utf8mb4 COLLATE=utf8mb4_general_ci;

CREATE TABLE `guests` (
  `id` int(11) NOT NULL,
  `uuid` varchar(64) NOT NULL,
  `created_at` datetime NOT NULL
) ENGINE=MyISAM DEFAULT CHARSET=latin1 COLLATE=latin1_swedish_ci;

CREATE TABLE `guest_activities` (
  `id` int(11) NOT NULL,
  `guest_id` varchar(64) DEFAULT NULL,
  `user_id` int(11) DEFAULT NULL,
  `action` varchar(50) NOT NULL,
  `page_url` varchar(255) NOT NULL,
  `user_agent` text DEFAULT NULL,
  `ip_address` varchar(45) DEFAULT NULL,
  `created_at` datetime NOT NULL
) ENGINE=MyISAM DEFAULT CHARSET=latin1 COLLATE=latin1_swedish_ci;

CREATE TABLE `patients` (
  `id` int(11) NOT NULL,
  `user_id` int(11) DEFAULT NULL,
  `nom` varchar(45) NOT NULL,
  `prenom` varchar(45) NOT NULL,
  `genre` enum('M','F') NOT NULL,
  `cin` varchar(100) NOT NULL COMMENT 'Chiffré',
  `telephone` varchar(20) NOT NULL,
  `date_naissance` date NOT NULL,
  `adresse` text NOT NULL,
  `remarque` text DEFAULT NULL,
  `created_at` datetime DEFAULT current_timestamp()
) ENGINE=InnoDB DEFAULT CHARSET=utf8mb4 COLLATE=utf8mb4_general_ci;

CREATE TABLE `patient_documents` (
  `id` int(11) NOT NULL,
  `patient_id` int(11) NOT NULL,
  `file_name` varchar(255) NOT NULL,
  `file_type` varchar(50) NOT NULL,
  `file_path` varchar(255) NOT NULL,
  `uploaded_at` datetime DEFAULT current_timestamp()
) ENGINE=InnoDB DEFAULT CHARSET=utf8mb4 COLLATE=utf8mb4_general_ci;

CREATE TABLE `users` (
  `id` int(11) NOT NULL,
  `email` varchar(100) NOT NULL,
  `nom` varchar(45) DEFAULT NULL,
  `prenom` varchar(45) DEFAULT NULL,
  `password` varchar(255) NOT NULL,
  `role` enum('dentiste','assistant','admin') NOT NULL DEFAULT 'dentiste',
  `created_at` datetime DEFAULT current_timestamp()
) ENGINE=InnoDB DEFAULT CHARSET=utf8mb4 COLLATE=utf8mb4_general_ci;

ALTER TABLE `consultations`
  ADD PRIMARY KEY (`id`),
  ADD KEY `patient_id` (`patient_id`);

ALTER TABLE `guests`
  ADD PRIMARY KEY (`id`),
  ADD UNIQUE KEY `uuid` (`uuid`);

ALTER TABLE `guest_activities`
  ADD PRIMARY KEY (`id`),
  ADD KEY `guest_id` (`guest_id`);

ALTER TABLE `patients`
  ADD PRIMARY KEY (`id`),
  ADD UNIQUE KEY `cin_UNIQUE` (`cin`),
  ADD KEY `user_id` (`user_id`);

ALTER TABLE `patient_documents`
  ADD PRIMARY KEY (`id`),
  ADD KEY `patient_id` (`patient_id`);

ALTER TABLE `users`
  ADD PRIMARY KEY (`id`),
  ADD UNIQUE KEY `email_UNIQUE` (`email`);

ALTER TABLE `consultations`
  MODIFY `id` int(11) NOT NULL AUTO_INCREMENT, AUTO_INCREMENT=512;

ALTER TABLE `guests`
  MODIFY `id` int(11) NOT NULL AUTO_INCREMENT;

ALTER TABLE `guest_activities`
  MODIFY `id` int(11) NOT NULL AUTO_INCREMENT;

ALTER TABLE `patients`
  MODIFY `id` int(11) NOT NULL AUTO_INCREMENT, AUTO_INCREMENT=128;

ALTER TABLE `patient_documents`
  MODIFY `id` int(11) NOT NULL AUTO_INCREMENT, AUTO_INCREMENT=512;

ALTER TABLE `users`
  MODIFY `id` int(11) NOT NULL AUTO_INCREMENT;

ALTER TABLE `consultations`
  ADD CONSTRAINT `consultations_ibfk_1` FOREIGN KEY (`patient_id`) REFERENCES `patients` (`id`) ON DELETE CASCADE;

ALTER TABLE `patient_documents`
  ADD CONSTRAINT `patient_documents_ibfk_1` FOREIGN KEY (`patient_id`) REFERENCES `patients` (`id`) ON DELETE CASCADE;

ALTER TABLE `patients`
  ADD CONSTRAINT `patients_ibfk_1` FOREIGN KEY (`user_id`) REFERENCES `users` (`id`) ON DELETE SET NULL;

COMMIT;


CREATE TABLE `appointments` (
  `id` int(11) NOT NULL AUTO_INCREMENT,
  `patient_id` int(11) NOT NULL,
  `user_id` int(11) NOT NULL,
  `appointment_date` datetime NOT NULL,
  `duration_minutes` int(11) NOT NULL DEFAULT 30,
  `status` enum('scheduled','completed','cancelled','no_show') NOT NULL DEFAULT 'scheduled',
  `notes` text DEFAULT NULL,
  `created_at` datetime DEFAULT current_timestamp(),
  PRIMARY KEY (`id`),
  KEY `patient_id` (`patient_id`),
  KEY `user_id` (`user_id`),
  CONSTRAINT `appointments_ibfk_1` FOREIGN KEY (`patient_id`) REFERENCES `patients` (`id`) ON DELETE CASCADE,
  CONSTRAINT `appointments_ibfk_2` FOREIGN KEY (`user_id`) REFERENCES `users` (`id`) ON DELETE CASCADE
) ENGINE=InnoDB DEFAULT CHARSET=utf8mb4 COLLATE=utf8mb4_general_ci;


SET FOREIGN_KEY_CHECKS = 1;


START TRANSACTION;


INSERT INTO users (id, email, nom, prenom, password, role) VALUES
(1, 'demo@dentisteregistre.com', 'Demo', 'Doctor', '123456', 'Dentiste'),
(2, 'youness.el.mesbahy.7@gmail.com', 'Youness', 'El Mesbahy', 'la3das@123', 'Admin');


INSERT INTO patients (id, user_id, nom, prenom, genre, cin, telephone, date_naissance, adresse, remarque) VALUES
(1, 1, 'Daoudi', 'Omar', 'M', 'AA000001', '+212666222926', '1970-01-01', '81 Rue Mohamed V, Tanger', NULL),
(2, 1, 'Saidi', 'Mohamed', 'M', 'AA000002', '+212636736077', '1970-01-01', '96 Ave des FAR, Tanger', NULL),
(3, 1, 'El Ouardi', 'Karim', 'M', 'AA000003', '+212634172051', '1970-01-01', '11 Ave Hassan II, Casablanca', NULL),
(4, 1, 'El Ouardi', 'Khadija', 'F', 'AA000004', '+212658666756', '1970-01-01', '32 Rue Allal Ben Abdellah, Meknès', NULL),
(5, 1, 'Mourad', 'Mohamed', 'M', 'AA000005', '+212616936991', '1970-01-01', '33 Bd Mohammed VI, Rabat', 'Patient regulier'),
(6, 1, 'El Mansouri', 'Khadija', 'F', 'AA000006', '+212648346838', '1970-01-01', '38 Ave des FAR, Kenitra', NULL),
(7, 1, 'Chakir', 'Ahmed', 'M', 'AA000007', '+212674968792', '1970-01-01', '29 Ave Hassan II, Tanger', NULL),
(8, 1, 'Mourad', 'Karim', 'M', 'AA000008', '+212656049001', '1970-01-01', '99 Ave Hassan II, Rabat', NULL),
(9, 1, 'Bouzidi', 'Bilal', 'M', 'AA000009', '+212640617390', '1970-01-01', '69 Bd Mohammed VI, Rabat', NULL),
(10, 1, 'Benali', 'Youssef', 'M', 'AA000010', '+212629369728', '1970-01-01', '31 Rue Mohamed V, Casablanca', NULL),
(11, 1, 'El Ouardi', 'Fatima', 'F', 'AA000011', '+212692921206', '1970-01-01', '54 Ave des FAR, Casablanca', 'Patient regulier'),
(12, 1, 'El Ouardi', 'Hassan', 'M', 'AA000012', '+212664227590', '1970-01-01', '41 Ave Hassan II, Rabat', 'Patient regulier'),
(13, 1, 'El Ouardi', 'Youssef', 'M', 'AA000013', '+212616537670', '1970-01-01', '63 Rue Allal Ben Abdellah, Kenitra', NULL),
(14, 1, 'Rachidi', 'Amina', 'F', 'AA000014', '+212693301264', '1970-01-01', '29 Rue Mohamed V, Rabat', NULL),
(15, 1, 'Bouzidi', 'Zahra', 'F', 'AA000015', '+212640708296', '1970-01-01', '77 Ave des FAR, Kenitra', NULL),
(16, 1, 'Benali', 'Hicham', 'M', 'AA000016', '+212687878637', '1970-01-01', '96 Bd Mohammed VI, Rabat', NULL),
(17, 1, 'Saidi', 'Samira', 'F', 'AA000017', '+212616079660', '1970-01-01', '74 Bd Mohammed VI, Agadir', NULL),
(18, 1, 'Mourad', 'Hicham', 'M', 'AA000018', '+212606693295', '1970-01-01', '33 Rue Mohamed V, Kenitra', 'Patient regulier'),
(19, 1, 'El Mansouri', 'Karim', 'M', 'AA000019', '+212694472629', '1970-01-01', '95 Rue Mohamed V, Agadir', NULL),
(20, 1, 'El Ouardi', 'Amine', 'M', 'AA000020', '+212651704124', '1970-01-01', '91 Rue Mohamed V, Oujda', NULL),
(21, 1, 'Benali', 'Hassan', 'M', 'AA000021', '+212618601812', '1970-01-01', '59 Rue Mohamed V, Casablanca', NULL),
(22, 1, 'Chakir', 'Hassan', 'M', 'AA000022', '+212667482038', '1970-01-01', '30 Ave des FAR, Tanger', NULL),
(23, 1, 'Toumi', 'Youssef', 'M', 'AA000023', '+212618022208', '1970-01-01', '72 Ave Hassan II, Casablanca', NULL),
(24, 1, 'Chakir', 'Zahra', 'F', 'AA000024', '+212685703937', '1970-01-01', '43 Ave des FAR, Marrakech', NULL),
(25, 1, 'Benali', 'Noura', 'F', 'AA000025', '+212626321270', '1970-01-01', '69 Rue Mohamed V, Agadir', NULL),
(26, 1, 'Saidi', 'Bilal', 'M', 'AA000026', '+212646227050', '1970-01-01', '0 Rue Allal Ben Abdellah, Casablanca', NULL),
(27, 1, 'Daoudi', 'Karim', 'M', 'AA000027', '+212624379560', '1970-01-01', '10 Ave des FAR, Meknès', NULL),
(28, 1, 'Bouzidi', 'Sanaa', 'F', 'AA000028', '+212678944183', '1970-01-01', '58 Bd Mohammed VI, Agadir', NULL),
(29, 1, 'Daoudi', 'Zahra', 'F', 'AA000029', '+212620674211', '1970-01-01', '94 Rue Mohamed V, Casablanca', NULL),
(30, 1, 'Rachidi', 'Amine', 'M', 'AA000030', '+212601375573', '1970-01-01', '64 Rue Mohamed V, Tanger', 'Patient regulier'),
(31, 1, 'Bouzidi', 'Bilal', 'M', 'AA000031', '+212677394044', '1970-01-01', '77 Rue Allal Ben Abdellah, Meknès', NULL),
(32, 1, 'El Ouardi', 'Khadija', 'F', 'AA000032', '+212639704185', '1970-01-01', '64 Ave Hassan II, Meknès', NULL),
(33, 1, 'Saidi', 'Ahmed', 'M', 'AA000033', '+212656855524', '1970-01-01', '86 Rue Mohamed V, Rabat', NULL),
(34, 1, 'Benali', 'Khadija', 'F', 'AA000034', '+212682895745', '1970-01-01', '25 Bd Mohammed VI, Oujda', NULL),
(35, 1, 'Bouzidi', 'Samira', 'F', 'AA000035', '+212658470841', '1970-01-01', '61 Ave Hassan II, Rabat', NULL),
(36, 1, 'El Ouardi', 'Youssef', 'M', 'AA000036', '+212696803588', '1970-01-01', '78 Rue Mohamed V, Marrakech', NULL),
(37, 1, 'Daoudi', 'Hafsa', 'F', 'AA000037', '+212665845090', '1970-01-01', '90 Ave Hassan II, Tanger', NULL),
(38, 1, 'Chakir', 'Karim', 'M', 'AA000038', '+212684313429', '1970-01-01', '25 Rue Mohamed V, Oujda', NULL),
(39, 1, 'Saidi', 'Hassan', 'M', 'AA000039', '+212674742537', '1970-01-01', '66 Rue Allal Ben Abdellah, Meknès', NULL),
(40, 1, 'Benali', 'Khalid', 'M', 'AA000040', '+212660100356', '1970-01-01', '25 Bd Mohammed VI, Casablanca', NULL),
(41, 1, 'Saidi', 'Samira', 'F', 'AA000041', '+212607196339', '1970-01-01', '71 Rue Mohamed V, Marrakech', NULL),
(42, 1, 'Rachidi', 'Sanaa', 'F', 'AA000042', '+212624427139', '1970-01-01', '10 Rue Allal Ben Abdellah, Rabat', 'Patient regulier'),
(43, 1, 'Toumi', 'Khadija', 'F', 'AA000043', '+212621942611', '1970-01-01', '78 Ave Hassan II, Tetouan', NULL),
(44, 1, 'Benali', 'Youssef', 'M', 'AA000044', '+212609129219', '1970-01-01', '84 Bd Mohammed VI, Marrakech', NULL),
(45, 1, 'Benali', 'Hicham', 'M', 'AA000045', '+212686558390', '1970-01-01', '0 Ave des FAR, Meknès', NULL),
(46, 1, 'Saidi', 'Hafsa', 'F', 'AA000046', '+212614900019', '1970-01-01', '96 Rue Allal Ben Abdellah, Fès', NULL),
(47, 1, 'Daoudi', 'Sanaa', 'F', 'AA000047', '+212606472375', '1970-01-01', '13 Rue Allal Ben Abdellah, Tetouan', NULL),
(48, 1, 'Rachidi', 'Karim', 'M', 'AA000048', '+212699035646', '1970-01-01', '62 Rue Mohamed V, Agadir', NULL),
(49, 1, 'Toumi', 'Hafsa', 'F', 'AA000049', '+212624588651', '1970-01-01', '41 Bd Mohammed VI, Fès', NULL),
(50, 1, 'Toumi', 'Mohamed', 'M', 'AA000050', '+212640273368', '1970-01-01', '78 Rue Mohamed V, Agadir', NULL),
(51, 1, 'Daoudi', 'Khadija', 'F', 'AA000051', '+212628169620', '1970-01-01', '76 Rue Mohamed V, Kenitra', NULL),
(52, 1, 'Benali', 'Samira', 'F', 'AA000052', '+212637408473', '1970-01-01', '28 Ave des FAR, Tetouan', NULL),
(53, 1, 'Bouzidi', 'Khadija', 'F', 'AA000053', '+212632971296', '1970-01-01', '81 Ave Hassan II, Tetouan', NULL),
(54, 1, 'Mourad', 'Amine', 'M', 'AA000054', '+212677955448', '1970-01-01', '66 Rue Mohamed V, Casablanca', NULL),
(55, 1, 'Benali', 'Asma', 'F', 'AA000055', '+212600705359', '1970-01-01', '76 Ave Hassan II, Kenitra', 'Patient regulier'),
(56, 1, 'Chakir', 'Amine', 'M', 'AA000056', '+212631967344', '1970-01-01', '42 Rue Mohamed V, Meknès', NULL),
(57, 1, 'Daoudi', 'Samira', 'F', 'AA000057', '+212610183977', '1970-01-01', '90 Bd Mohammed VI, Agadir', NULL),
(58, 1, 'Bouzidi', 'Hicham', 'M', 'AA000058', '+212697514609', '1970-01-01', '17 Bd Mohammed VI, Meknès', NULL),
(59, 1, 'Benali', 'Hafsa', 'F', 'AA000059', '+212642731414', '1970-01-01', '13 Rue Mohamed V, Meknès', NULL),
(60, 1, 'Rachidi', 'Leila', 'F', 'AA000060', '+212691823755', '1970-01-01', '8 Ave Hassan II, Kenitra', NULL),
(61, 1, 'El Mansouri', 'Khalid', 'M', 'AA000061', '+212669190935', '1970-01-01', '68 Ave des FAR, Casablanca', NULL),
(62, 1, 'Rachidi', 'Asma', 'F', 'AA000062', '+212614897303', '1970-01-01', '54 Rue Mohamed V, Tanger', NULL),
(63, 1, 'El Mansouri', 'Sanaa', 'F', 'AA000063', '+212671394980', '1970-01-01', '22 Ave Hassan II, Meknès', NULL),
(64, 1, 'Bouzidi', 'Amine', 'M', 'AA000064', '+212605713769', '1970-01-01', '72 Ave des FAR, Rabat', 'Patient regulier'),
(65, 1, 'Daoudi', 'Leila', 'F', 'AA000065', '+212613787546', '1970-01-01', '36 Rue Mohamed V, Kenitra', NULL),
(66, 1, 'Rachidi', 'Amine', 'M', 'AA000066', '+212687552971', '1970-01-01', '70 Ave Hassan II, Casablanca', NULL),
(67, 1, 'Saidi', 'Sanaa', 'F', 'AA000067', '+212688050826', '1970-01-01', '54 Ave des FAR, Oujda', NULL),
(68, 1, 'Mourad', 'Samira', 'F', 'AA000068', '+212634192082', '1970-01-01', '53 Rue Allal Ben Abdellah, Kenitra', NULL),
(69, 1, 'Daoudi', 'Sanaa', 'F', 'AA000069', '+212664312929', '1970-01-01', '46 Rue Allal Ben Abdellah, Tanger', 'Patient regulier'),
(70, 1, 'Mourad', 'Hafsa', 'F', 'AA000070', '+212687364326', '1970-01-01', '72 Rue Allal Ben Abdellah, Agadir', NULL),
(71, 1, 'Daoudi', 'Omar', 'M', 'AA000071', '+212652274007', '1970-01-01', '58 Bd Mohammed VI, Agadir', NULL),
(72, 1, 'Daoudi', 'Zahra', 'F', 'AA000072', '+212694346074', '1970-01-01', '56 Rue Mohamed V, Meknès', NULL),
(73, 1, 'El Ouardi', 'Mohamed', 'M', 'AA000073', '+212668357629', '1970-01-01', '20 Rue Allal Ben Abdellah, Fès', 'Patient regulier'),
(74, 1, 'Daoudi', 'Zahra', 'F', 'AA000074', '+212658247712', '1970-01-01', '80 Ave des FAR, Tanger', NULL),
(75, 1, 'Saidi', 'Omar', 'M', 'AA000075', '+212681863338', '1970-01-01', '9 Rue Mohamed V, Marrakech', NULL),
(76, 1, 'El Mansouri', 'Khadija', 'F', 'AA000076', '+212674799553', '1970-01-01', '55 Bd Mohammed VI, Fès', NULL),
(77, 1, 'Benali', 'Karim', 'M', 'AA000077', '+212659311115', '1970-01-01', '20 Rue Mohamed V, Marrakech', 'Patient regulier'),
(78, 1, 'El Mansouri', 'Omar', 'M', 'AA000078', '+212642346262', '1970-01-01', '57 Ave Hassan II, Casablanca', NULL),
(79, 1, 'Saidi', 'Mohamed', 'M', 'AA000079', '+212688625610', '1970-01-01', '82 Rue Allal Ben Abdellah, Kenitra', NULL),
(80, 1, 'Toumi', 'Khadija', 'F', 'AA000080', '+212638581428', '1970-01-01', '50 Ave Hassan II, Marrakech', NULL),
(81, 1, 'Benali', 'Ahmed', 'M', 'AA000081', '+212604050164', '1970-01-01', '77 Rue Allal Ben Abdellah, Meknès', NULL),
(82, 1, 'Saidi', 'Sanaa', 'F', 'AA000082', '+212645654991', '1970-01-01', '9 Ave des FAR, Fès', NULL),
(83, 1, 'Saidi', 'Karim', 'M', 'AA000083', '+212657252016', '1970-01-01', '16 Bd Mohammed VI, Fès', NULL),
(84, 1, 'Mourad', 'Khadija', 'F', 'AA000084', '+212672918421', '1970-01-01', '60 Ave des FAR, Marrakech', NULL),
(85, 1, 'Rachidi', 'Hassan', 'M', 'AA000085', '+212649224767', '1970-01-01', '42 Rue Mohamed V, Meknès', 'Patient regulier'),
(86, 1, 'Chakir', 'Youssef', 'M', 'AA000086', '+212658133484', '1970-01-01', '79 Ave Hassan II, Agadir', NULL),
(87, 1, 'Saidi', 'Youssef', 'M', 'AA000087', '+212651224626', '1970-01-01', '23 Ave des FAR, Tetouan', 'Patient regulier'),
(88, 1, 'El Mansouri', 'Youssef', 'M', 'AA000088', '+212608272518', '1970-01-01', '68 Ave Hassan II, Agadir', 'Patient regulier'),
(89, 1, 'Rachidi', 'Youssef', 'M', 'AA000089', '+212621270521', '1970-01-01', '29 Ave des FAR, Tanger', NULL),
(90, 1, 'Toumi', 'Mohamed', 'M', 'AA000090', '+212602344267', '1970-01-01', '62 Rue Mohamed V, Fès', NULL),
(91, 1, 'El Ouardi', 'Ahmed', 'M', 'AA000091', '+212675684221', '1970-01-01', '20 Bd Mohammed VI, Casablanca', NULL),
(92, 1, 'El Ouardi', 'Mohamed', 'M', 'AA000092', '+212674200231', '1970-01-01', '38 Ave des FAR, Tanger', NULL),
(93, 1, 'Bouzidi', 'Leila', 'F', 'AA000093', '+212692962123', '1970-01-01', '70 Bd Mohammed VI, Oujda', NULL),
(94, 1, 'Bouzidi', 'Zahra', 'F', 'AA000094', '+212660680222', '1970-01-01', '79 Rue Mohamed V, Marrakech', NULL),
(95, 1, 'Bouzidi', 'Khalid', 'M', 'AA000095', '+212662759865', '1970-01-01', '61 Bd Mohammed VI, Casablanca', 'Patient regulier'),
(96, 1, 'Mourad', 'Karim', 'M', 'AA000096', '+212678524306', '1970-01-01', '94 Ave Hassan II, Fès', 'Patient regulier'),
(97, 1, 'Mourad', 'Omar', 'M', 'AA000097', '+212640472901', '1970-01-01', '55 Rue Mohamed V, Meknès', NULL),
(98, 1, 'Rachidi', 'Omar', 'M', 'AA000098', '+212631237691', '1970-01-01', '31 Ave Hassan II, Oujda', NULL),
(99, 1, 'Toumi', 'Omar', 'M', 'AA000099', '+212693923151', '1970-01-01', '65 Ave des FAR, Agadir', NULL),
(100, 1, 'Toumi', 'Leila', 'F', 'AA000100', '+212696951712', '1970-01-01', '16 Ave Hassan II, Tetouan', NULL);

INSERT INTO consultations (id, patient_id, date_consultation, motif, diagnostic, traitement, cout) VALUES
(1, 1, '2025-03-04 15:52:35', 
        'Blanchiment', 
        'Diagnostic pour patient 1', 
        'Couronne', 
        344.59),
(2, 1, '2024-11-04 14:52:35', 
        'controle annuel', 
        'Diagnostic pour patient 1', 
        'Extraction', 
        200.40),
(3, 1, '2024-08-04 14:52:35', 
        'Carie dentaire', 
        'Diagnostic pour patient 1', 
        'Traitement radiculaire', 
        152.02),
(4, 2, '2025-01-04 14:52:35', 
        'Carie dentaire', 
        'Diagnostic pour patient 2', 
        'Traitement radiculaire', 
        237.53),
(5, 2, '2025-02-04 14:52:35', 
        'Blanchiment', 
        'Diagnostic pour patient 2', 
        'Traitement radiculaire', 
        458.14),
(6, 2, '2025-04-04 15:52:35', 
        'controle annuel', 
        'Diagnostic pour patient 2', 
        'Traitement radiculaire', 
        491.09),
(7, 3, '2024-11-04 14:52:35', 
        'Prothèse dentaire', 
        'Diagnostic pour patient 3', 
        'Couronne', 
        210.37),
(8, 3, '2024-06-04 14:52:35', 
        'Douleur molaire', 
        'Diagnostic pour patient 3', 
        'Traitement radiculaire', 
        291.29),
(9, 3, '2025-05-04 14:52:35', 
        'Carie dentaire', 
        'Diagnostic pour patient 3', 
        'Extraction', 
        201.52),
(10, 4, '2025-03-04 15:52:35', 
        'Carie dentaire', 
        'Diagnostic pour patient 4', 
        'Obturation', 
        501.86),
(11, 4, '2025-02-04 14:52:35', 
        'controle annuel', 
        'Diagnostic pour patient 4', 
        'Obturation', 
        404.86),
(12, 4, '2025-04-04 15:52:35', 
        'Carie dentaire', 
        'Diagnostic pour patient 4', 
        'Détartrage', 
        328.10),
(13, 5, '2025-04-04 15:52:35', 
        'Carie dentaire', 
        'Diagnostic pour patient 5', 
        'Obturation', 
        394.33),
(14, 5, '2024-11-04 14:52:35', 
        'controle annuel', 
        'Diagnostic pour patient 5', 
        'Traitement radiculaire', 
        506.86),
(15, 5, '2024-12-04 14:52:35', 
        'controle annuel', 
        'Diagnostic pour patient 5', 
        'Obturation', 
        227.59),
(16, 6, '2024-12-04 14:52:35', 
        'Douleur molaire', 
        'Diagnostic pour patient 6', 
        'Obturation', 
        324.96),
(17, 6, '2024-12-04 14:52:35', 
        'controle annuel', 
        'Diagnostic pour patient 6', 
        'Traitement radiculaire', 
        382.89),
(18, 6, '2024-08-04 14:52:35', 
        'Carie dentaire', 
        'Diagnostic pour patient 6', 
        'Obturation', 
        390.36),
(19, 7, '2024-09-04 14:52:35', 
        'Douleur molaire', 
        'Diagnostic pour patient 7', 
        'Traitement radiculaire', 
        234.76),
(20, 7, '2025-01-04 14:52:35', 
        'Douleur molaire', 
        'Diagnostic pour patient 7', 
        'Détartrage', 
        114.84),
(21, 7, '2024-06-04 14:52:35', 
        'Carie dentaire', 
        'Diagnostic pour patient 7', 
        'Détartrage', 
        211.91),
(22, 8, '2025-01-04 14:52:35', 
        'controle annuel', 
        'Diagnostic pour patient 8', 
        'Traitement radiculaire', 
        359.09),
(23, 8, '2024-12-04 14:52:35', 
        'Blanchiment', 
        'Diagnostic pour patient 8', 
        'Détartrage', 
        510.26),
(24, 8, '2024-10-04 14:52:35', 
        'Douleur molaire', 
        'Diagnostic pour patient 8', 
        'Couronne', 
        461.52),
(25, 9, '2025-02-04 14:52:35', 
        'Carie dentaire', 
        'Diagnostic pour patient 9', 
        'Traitement radiculaire', 
        416.87),
(26, 9, '2025-02-04 14:52:35', 
        'Carie dentaire', 
        'Diagnostic pour patient 9', 
        'Obturation', 
        269.29),
(27, 9, '2024-08-04 14:52:35', 
        'controle annuel', 
        'Diagnostic pour patient 9', 
        'Couronne', 
        493.07),
(28, 10, '2024-10-04 14:52:35', 
        'Douleur molaire', 
        'Diagnostic pour patient 10', 
        'Obturation', 
        471.89),
(29, 10, '2024-07-04 14:52:35', 
        'Prothèse dentaire', 
        'Diagnostic pour patient 10', 
        'Détartrage', 
        156.52),
(30, 10, '2024-07-04 14:52:35', 
        'Carie dentaire', 
        'Diagnostic pour patient 10', 
        'Détartrage', 
        296.25),
(31, 11, '2025-04-04 15:52:35', 
        'Douleur molaire', 
        'Diagnostic pour patient 11', 
        'Obturation', 
        592.09),
(32, 11, '2024-07-04 14:52:35', 
        'Douleur molaire', 
        'Diagnostic pour patient 11', 
        'Couronne', 
        301.64),
(33, 11, '2024-12-04 14:52:35', 
        'Prothèse dentaire', 
        'Diagnostic pour patient 11', 
        'Couronne', 
        135.90),
(34, 12, '2025-02-04 14:52:35', 
        'Carie dentaire', 
        'Diagnostic pour patient 12', 
        'Détartrage', 
        147.24),
(35, 12, '2024-10-04 14:52:35', 
        'Blanchiment', 
        'Diagnostic pour patient 12', 
        'Extraction', 
        366.66),
(36, 12, '2025-03-04 15:52:35', 
        'Douleur molaire', 
        'Diagnostic pour patient 12', 
        'Obturation', 
        559.25),
(37, 13, '2024-12-04 14:52:35', 
        'controle annuel', 
        'Diagnostic pour patient 13', 
        'Obturation', 
        599.24),
(38, 13, '2025-05-04 14:52:35', 
        'Douleur molaire', 
        'Diagnostic pour patient 13', 
        'Obturation', 
        552.69),
(39, 13, '2025-01-04 14:52:35', 
        'Prothèse dentaire', 
        'Diagnostic pour patient 13', 
        'Extraction', 
        515.26),
(40, 14, '2024-09-04 14:52:35', 
        'controle annuel', 
        'Diagnostic pour patient 14', 
        'Traitement radiculaire', 
        546.71),
(41, 14, '2024-12-04 14:52:35', 
        'Prothèse dentaire', 
        'Diagnostic pour patient 14', 
        'Traitement radiculaire', 
        547.21),
(42, 14, '2024-08-04 14:52:35', 
        'Carie dentaire', 
        'Diagnostic pour patient 14', 
        'Couronne', 
        405.13),
(43, 15, '2024-08-04 14:52:35', 
        'Carie dentaire', 
        'Diagnostic pour patient 15', 
        'Détartrage', 
        349.33),
(44, 15, '2025-03-04 15:52:35', 
        'Prothèse dentaire', 
        'Diagnostic pour patient 15', 
        'Couronne', 
        510.73),
(45, 15, '2025-04-04 15:52:35', 
        'Carie dentaire', 
        'Diagnostic pour patient 15', 
        'Couronne', 
        562.99),
(46, 16, '2024-09-04 14:52:35', 
        'Blanchiment', 
        'Diagnostic pour patient 16', 
        'Détartrage', 
        395.45),
(47, 16, '2024-11-04 14:52:35', 
        'controle annuel', 
        'Diagnostic pour patient 16', 
        'Couronne', 
        250.70),
(48, 16, '2025-03-04 15:52:35', 
        'Blanchiment', 
        'Diagnostic pour patient 16', 
        'Obturation', 
        428.42),
(49, 17, '2024-09-04 14:52:35', 
        'Blanchiment', 
        'Diagnostic pour patient 17', 
        'Couronne', 
        183.93),
(50, 17, '2024-06-04 14:52:35', 
        'Prothèse dentaire', 
        'Diagnostic pour patient 17', 
        'Couronne', 
        567.44),
(51, 17, '2024-12-04 14:52:35', 
        'Prothèse dentaire', 
        'Diagnostic pour patient 17', 
        'Couronne', 
        333.94),
(52, 18, '2025-05-04 14:52:35', 
        'Blanchiment', 
        'Diagnostic pour patient 18', 
        'Traitement radiculaire', 
        211.09),
(53, 18, '2024-08-04 14:52:35', 
        'controle annuel', 
        'Diagnostic pour patient 18', 
        'Couronne', 
        471.97),
(54, 18, '2024-08-04 14:52:35', 
        'Prothèse dentaire', 
        'Diagnostic pour patient 18', 
        'Extraction', 
        224.88),
(55, 19, '2025-02-04 14:52:35', 
        'Carie dentaire', 
        'Diagnostic pour patient 19', 
        'Couronne', 
        258.31),
(56, 19, '2025-05-04 14:52:35', 
        'controle annuel', 
        'Diagnostic pour patient 19', 
        'Obturation', 
        588.11),
(57, 19, '2025-01-04 14:52:35', 
        'Douleur molaire', 
        'Diagnostic pour patient 19', 
        'Extraction', 
        505.27),
(58, 20, '2025-02-04 14:52:35', 
        'controle annuel', 
        'Diagnostic pour patient 20', 
        'Couronne', 
        459.04),
(59, 20, '2025-04-04 15:52:35', 
        'controle annuel', 
        'Diagnostic pour patient 20', 
        'Extraction', 
        293.96),
(60, 20, '2024-08-04 14:52:35', 
        'controle annuel', 
        'Diagnostic pour patient 20', 
        'Traitement radiculaire', 
        493.60),
(61, 21, '2025-02-04 14:52:35', 
        'Carie dentaire', 
        'Diagnostic pour patient 21', 
        'Couronne', 
        337.89),
(62, 21, '2024-08-04 14:52:35', 
        'controle annuel', 
        'Diagnostic pour patient 21', 
        'Couronne', 
        279.19),
(63, 21, '2025-01-04 14:52:35', 
        'Blanchiment', 
        'Diagnostic pour patient 21', 
        'Couronne', 
        534.75),
(64, 22, '2024-12-04 14:52:35', 
        'Prothèse dentaire', 
        'Diagnostic pour patient 22', 
        'Couronne', 
        187.77),
(65, 22, '2025-05-04 14:52:35', 
        'Prothèse dentaire', 
        'Diagnostic pour patient 22', 
        'Obturation', 
        369.47),
(66, 22, '2024-09-04 14:52:35', 
        'controle annuel', 
        'Diagnostic pour patient 22', 
        'Traitement radiculaire', 
        103.61),
(67, 23, '2024-06-04 14:52:35', 
        'Douleur molaire', 
        'Diagnostic pour patient 23', 
        'Obturation', 
        388.01),
(68, 23, '2024-10-04 14:52:35', 
        'Douleur molaire', 
        'Diagnostic pour patient 23', 
        'Traitement radiculaire', 
        556.34),
(69, 23, '2024-08-04 14:52:35', 
        'Douleur molaire', 
        'Diagnostic pour patient 23', 
        'Couronne', 
        256.32),
(70, 24, '2024-09-04 14:52:35', 
        'controle annuel', 
        'Diagnostic pour patient 24', 
        'Extraction', 
        483.95),
(71, 24, '2024-09-04 14:52:35', 
        'Carie dentaire', 
        'Diagnostic pour patient 24', 
        'Couronne', 
        139.70),
(72, 24, '2024-11-04 14:52:35', 
        'Prothèse dentaire', 
        'Diagnostic pour patient 24', 
        'Traitement radiculaire', 
        492.99),
(73, 25, '2025-04-04 15:52:35', 
        'controle annuel', 
        'Diagnostic pour patient 25', 
        'Couronne', 
        183.24),
(74, 25, '2024-11-04 14:52:35', 
        'Blanchiment', 
        'Diagnostic pour patient 25', 
        'Traitement radiculaire', 
        418.73),
(75, 25, '2024-11-04 14:52:35', 
        'controle annuel', 
        'Diagnostic pour patient 25', 
        'Détartrage', 
        352.72),
(76, 26, '2024-11-04 14:52:35', 
        'Prothèse dentaire', 
        'Diagnostic pour patient 26', 
        'Détartrage', 
        318.59),
(77, 26, '2025-03-04 15:52:35', 
        'controle annuel', 
        'Diagnostic pour patient 26', 
        'Extraction', 
        511.09),
(78, 26, '2025-05-04 14:52:35', 
        'Prothèse dentaire', 
        'Diagnostic pour patient 26', 
        'Détartrage', 
        352.57),
(79, 27, '2024-06-04 14:52:35', 
        'Prothèse dentaire', 
        'Diagnostic pour patient 27', 
        'Traitement radiculaire', 
        321.68),
(80, 27, '2024-06-04 14:52:35', 
        'Prothèse dentaire', 
        'Diagnostic pour patient 27', 
        'Détartrage', 
        598.98),
(81, 27, '2025-04-04 15:52:35', 
        'Blanchiment', 
        'Diagnostic pour patient 27', 
        'Extraction', 
        323.12),
(82, 28, '2025-02-04 14:52:35', 
        'Carie dentaire', 
        'Diagnostic pour patient 28', 
        'Extraction', 
        447.56),
(83, 28, '2024-12-04 14:52:35', 
        'controle annuel', 
        'Diagnostic pour patient 28', 
        'Obturation', 
        257.46),
(84, 28, '2024-10-04 14:52:35', 
        'Blanchiment', 
        'Diagnostic pour patient 28', 
        'Obturation', 
        254.98),
(85, 29, '2025-03-04 15:52:35', 
        'Prothèse dentaire', 
        'Diagnostic pour patient 29', 
        'Détartrage', 
        321.91),
(86, 29, '2024-06-04 14:52:35', 
        'Blanchiment', 
        'Diagnostic pour patient 29', 
        'Extraction', 
        425.72),
(87, 29, '2024-10-04 14:52:35', 
        'Carie dentaire', 
        'Diagnostic pour patient 29', 
        'Traitement radiculaire', 
        106.52),
(88, 30, '2025-05-04 14:52:35', 
        'Carie dentaire', 
        'Diagnostic pour patient 30', 
        'Détartrage', 
        136.22),
(89, 30, '2024-06-04 14:52:35', 
        'Carie dentaire', 
        'Diagnostic pour patient 30', 
        'Détartrage', 
        155.94),
(90, 30, '2025-04-04 15:52:35', 
        'Carie dentaire', 
        'Diagnostic pour patient 30', 
        'Obturation', 
        324.48),
(91, 31, '2025-03-04 15:52:35', 
        'Carie dentaire', 
        'Diagnostic pour patient 31', 
        'Extraction', 
        380.85),
(92, 31, '2024-07-04 14:52:35', 
        'Prothèse dentaire', 
        'Diagnostic pour patient 31', 
        'Détartrage', 
        594.57),
(93, 31, '2025-04-04 15:52:35', 
        'controle annuel', 
        'Diagnostic pour patient 31', 
        'Extraction', 
        137.25),
(94, 32, '2024-10-04 14:52:35', 
        'Douleur molaire', 
        'Diagnostic pour patient 32', 
        'Couronne', 
        168.34),
(95, 32, '2024-10-04 14:52:35', 
        'Blanchiment', 
        'Diagnostic pour patient 32', 
        'Traitement radiculaire', 
        272.94),
(96, 32, '2025-01-04 14:52:35', 
        'Carie dentaire', 
        'Diagnostic pour patient 32', 
        'Détartrage', 
        334.69),
(97, 33, '2025-05-04 14:52:35', 
        'Prothèse dentaire', 
        'Diagnostic pour patient 33', 
        'Obturation', 
        551.96),
(98, 33, '2024-11-04 14:52:35', 
        'Prothèse dentaire', 
        'Diagnostic pour patient 33', 
        'Traitement radiculaire', 
        122.92),
(99, 33, '2025-01-04 14:52:35', 
        'controle annuel', 
        'Diagnostic pour patient 33', 
        'Obturation', 
        469.12),
(100, 34, '2024-09-04 14:52:35', 
        'Prothèse dentaire', 
        'Diagnostic pour patient 34', 
        'Extraction', 
        409.62),
(101, 34, '2025-02-04 14:52:35', 
        'Carie dentaire', 
        'Diagnostic pour patient 34', 
        'Obturation', 
        554.98),
(102, 34, '2024-06-04 14:52:35', 
        'Carie dentaire', 
        'Diagnostic pour patient 34', 
        'Couronne', 
        520.48),
(103, 35, '2025-05-04 14:52:35', 
        'Blanchiment', 
        'Diagnostic pour patient 35', 
        'Traitement radiculaire', 
        215.85),
(104, 35, '2024-09-04 14:52:35', 
        'Blanchiment', 
        'Diagnostic pour patient 35', 
        'Traitement radiculaire', 
        213.87),
(105, 35, '2024-11-04 14:52:35', 
        'Carie dentaire', 
        'Diagnostic pour patient 35', 
        'Couronne', 
        269.61),
(106, 36, '2025-03-04 15:52:35', 
        'Douleur molaire', 
        'Diagnostic pour patient 36', 
        'Couronne', 
        314.75),
(107, 36, '2024-06-04 14:52:35', 
        'Carie dentaire', 
        'Diagnostic pour patient 36', 
        'Extraction', 
        577.41),
(108, 36, '2025-05-04 14:52:35', 
        'Carie dentaire', 
        'Diagnostic pour patient 36', 
        'Traitement radiculaire', 
        345.05),
(109, 37, '2024-09-04 14:52:35', 
        'controle annuel', 
        'Diagnostic pour patient 37', 
        'Traitement radiculaire', 
        306.73),
(110, 37, '2024-10-04 14:52:35', 
        'Blanchiment', 
        'Diagnostic pour patient 37', 
        'Traitement radiculaire', 
        455.91),
(111, 37, '2025-05-04 14:52:35', 
        'Carie dentaire', 
        'Diagnostic pour patient 37', 
        'Traitement radiculaire', 
        358.82),
(112, 38, '2025-02-04 14:52:35', 
        'Douleur molaire', 
        'Diagnostic pour patient 38', 
        'Détartrage', 
        419.56),
(113, 38, '2024-11-04 14:52:35', 
        'Blanchiment', 
        'Diagnostic pour patient 38', 
        'Extraction', 
        435.77),
(114, 38, '2025-05-04 14:52:35', 
        'Prothèse dentaire', 
        'Diagnostic pour patient 38', 
        'Obturation', 
        152.34),
(115, 39, '2024-06-04 14:52:35', 
        'Blanchiment', 
        'Diagnostic pour patient 39', 
        'Extraction', 
        185.89),
(116, 39, '2024-06-04 14:52:35', 
        'Prothèse dentaire', 
        'Diagnostic pour patient 39', 
        'Extraction', 
        348.04),
(117, 39, '2025-03-04 15:52:35', 
        'controle annuel', 
        'Diagnostic pour patient 39', 
        'Couronne', 
        318.39),
(118, 40, '2025-03-04 15:52:35', 
        'Blanchiment', 
        'Diagnostic pour patient 40', 
        'Couronne', 
        158.69),
(119, 40, '2025-02-04 14:52:35', 
        'Carie dentaire', 
        'Diagnostic pour patient 40', 
        'Détartrage', 
        220.51),
(120, 40, '2024-07-04 14:52:35', 
        'controle annuel', 
        'Diagnostic pour patient 40', 
        'Couronne', 
        573.79),
(121, 41, '2025-04-04 15:52:35', 
        'Douleur molaire', 
        'Diagnostic pour patient 41', 
        'Couronne', 
        318.41),
(122, 41, '2025-02-04 14:52:35', 
        'Douleur molaire', 
        'Diagnostic pour patient 41', 
        'Traitement radiculaire', 
        396.72),
(123, 41, '2025-05-04 14:52:35', 
        'Douleur molaire', 
        'Diagnostic pour patient 41', 
        'Obturation', 
        375.30),
(124, 42, '2025-01-04 14:52:35', 
        'Blanchiment', 
        'Diagnostic pour patient 42', 
        'Couronne', 
        221.54),
(125, 42, '2025-01-04 14:52:35', 
        'Douleur molaire', 
        'Diagnostic pour patient 42', 
        'Couronne', 
        285.90),
(126, 42, '2024-06-04 14:52:35', 
        'controle annuel', 
        'Diagnostic pour patient 42', 
        'Couronne', 
        254.45),
(127, 43, '2025-01-04 14:52:35', 
        'Douleur molaire', 
        'Diagnostic pour patient 43', 
        'Extraction', 
        224.63),
(128, 43, '2024-12-04 14:52:35', 
        'Blanchiment', 
        'Diagnostic pour patient 43', 
        'Obturation', 
        285.61),
(129, 43, '2024-12-04 14:52:35', 
        'Prothèse dentaire', 
        'Diagnostic pour patient 43', 
        'Traitement radiculaire', 
        403.93),
(130, 44, '2024-09-04 14:52:35', 
        'Prothèse dentaire', 
        'Diagnostic pour patient 44', 
        'Obturation', 
        252.56),
(131, 44, '2025-05-04 14:52:35', 
        'Douleur molaire', 
        'Diagnostic pour patient 44', 
        'Obturation', 
        460.22),
(132, 44, '2025-03-04 15:52:35', 
        'Carie dentaire', 
        'Diagnostic pour patient 44', 
        'Couronne', 
        347.46),
(133, 45, '2024-08-04 14:52:35', 
        'Prothèse dentaire', 
        'Diagnostic pour patient 45', 
        'Traitement radiculaire', 
        572.87),
(134, 45, '2025-05-04 14:52:35', 
        'controle annuel', 
        'Diagnostic pour patient 45', 
        'Extraction', 
        242.08),
(135, 45, '2025-05-04 14:52:35', 
        'controle annuel', 
        'Diagnostic pour patient 45', 
        'Obturation', 
        342.47),
(136, 46, '2025-01-04 14:52:35', 
        'controle annuel', 
        'Diagnostic pour patient 46', 
        'Détartrage', 
        496.80),
(137, 46, '2024-10-04 14:52:35', 
        'Prothèse dentaire', 
        'Diagnostic pour patient 46', 
        'Traitement radiculaire', 
        328.90),
(138, 46, '2024-10-04 14:52:35', 
        'Carie dentaire', 
        'Diagnostic pour patient 46', 
        'Extraction', 
        566.00),
(139, 47, '2025-03-04 15:52:35', 
        'Carie dentaire', 
        'Diagnostic pour patient 47', 
        'Obturation', 
        490.26),
(140, 47, '2024-10-04 14:52:35', 
        'Douleur molaire', 
        'Diagnostic pour patient 47', 
        'Traitement radiculaire', 
        129.70),
(141, 47, '2024-11-04 14:52:35', 
        'controle annuel', 
        'Diagnostic pour patient 47', 
        'Obturation', 
        200.06),
(142, 48, '2025-05-04 14:52:35', 
        'Carie dentaire', 
        'Diagnostic pour patient 48', 
        'Couronne', 
        319.37),
(143, 48, '2024-09-04 14:52:35', 
        'Blanchiment', 
        'Diagnostic pour patient 48', 
        'Obturation', 
        583.90),
(144, 48, '2024-07-04 14:52:35', 
        'Douleur molaire', 
        'Diagnostic pour patient 48', 
        'Couronne', 
        153.56),
(145, 49, '2025-01-04 14:52:35', 
        'Carie dentaire', 
        'Diagnostic pour patient 49', 
        'Couronne', 
        438.58),
(146, 49, '2024-07-04 14:52:35', 
        'controle annuel', 
        'Diagnostic pour patient 49', 
        'Extraction', 
        172.64),
(147, 49, '2025-01-04 14:52:35', 
        'Blanchiment', 
        'Diagnostic pour patient 49', 
        'Détartrage', 
        468.80),
(148, 50, '2024-11-04 14:52:35', 
        'controle annuel', 
        'Diagnostic pour patient 50', 
        'Couronne', 
        170.13),
(149, 50, '2024-10-04 14:52:35', 
        'Carie dentaire', 
        'Diagnostic pour patient 50', 
        'Traitement radiculaire', 
        443.41),
(150, 50, '2025-05-04 14:52:35', 
        'Blanchiment', 
        'Diagnostic pour patient 50', 
        'Couronne', 
        472.13),
(151, 51, '2025-04-04 15:52:35', 
        'Douleur molaire', 
        'Diagnostic pour patient 51', 
        'Obturation', 
        484.16),
(152, 51, '2024-09-04 14:52:35', 
        'controle annuel', 
        'Diagnostic pour patient 51', 
        'Obturation', 
        371.46),
(153, 51, '2025-01-04 14:52:35', 
        'Douleur molaire', 
        'Diagnostic pour patient 51', 
        'Couronne', 
        417.87),
(154, 52, '2025-05-04 14:52:35', 
        'Prothèse dentaire', 
        'Diagnostic pour patient 52', 
        'Détartrage', 
        402.78),
(155, 52, '2025-03-04 15:52:35', 
        'Prothèse dentaire', 
        'Diagnostic pour patient 52', 
        'Extraction', 
        221.97),
(156, 52, '2024-07-04 14:52:35', 
        'controle annuel', 
        'Diagnostic pour patient 52', 
        'Couronne', 
        190.53),
(157, 53, '2025-03-04 15:52:35', 
        'controle annuel', 
        'Diagnostic pour patient 53', 
        'Détartrage', 
        263.32),
(158, 53, '2025-05-04 14:52:35', 
        'Douleur molaire', 
        'Diagnostic pour patient 53', 
        'Traitement radiculaire', 
        537.73),
(159, 53, '2024-12-04 14:52:35', 
        'Blanchiment', 
        'Diagnostic pour patient 53', 
        'Obturation', 
        139.33),
(160, 54, '2025-02-04 14:52:35', 
        'controle annuel', 
        'Diagnostic pour patient 54', 
        'Obturation', 
        320.47),
(161, 54, '2024-09-04 14:52:35', 
        'Prothèse dentaire', 
        'Diagnostic pour patient 54', 
        'Traitement radiculaire', 
        391.27),
(162, 54, '2025-01-04 14:52:35', 
        'Carie dentaire', 
        'Diagnostic pour patient 54', 
        'Obturation', 
        206.89),
(163, 55, '2025-05-04 14:52:35', 
        'Prothèse dentaire', 
        'Diagnostic pour patient 55', 
        'Détartrage', 
        469.37),
(164, 55, '2025-05-04 14:52:35', 
        'Douleur molaire', 
        'Diagnostic pour patient 55', 
        'Traitement radiculaire', 
        590.26),
(165, 55, '2024-11-04 14:52:35', 
        'Blanchiment', 
        'Diagnostic pour patient 55', 
        'Détartrage', 
        441.65),
(166, 56, '2024-06-04 14:52:35', 
        'Blanchiment', 
        'Diagnostic pour patient 56', 
        'Couronne', 
        352.60),
(167, 56, '2025-04-04 15:52:35', 
        'Prothèse dentaire', 
        'Diagnostic pour patient 56', 
        'Détartrage', 
        391.65),
(168, 56, '2024-09-04 14:52:35', 
        'Blanchiment', 
        'Diagnostic pour patient 56', 
        'Extraction', 
        247.55),
(169, 57, '2024-11-04 14:52:35', 
        'Carie dentaire', 
        'Diagnostic pour patient 57', 
        'Détartrage', 
        464.60),
(170, 57, '2025-01-04 14:52:35', 
        'controle annuel', 
        'Diagnostic pour patient 57', 
        'Extraction', 
        545.05),
(171, 57, '2025-01-04 14:52:35', 
        'Blanchiment', 
        'Diagnostic pour patient 57', 
        'Détartrage', 
        248.30),
(172, 58, '2024-08-04 14:52:35', 
        'Douleur molaire', 
        'Diagnostic pour patient 58', 
        'Extraction', 
        426.78),
(173, 58, '2025-02-04 14:52:35', 
        'Douleur molaire', 
        'Diagnostic pour patient 58', 
        'Détartrage', 
        222.19),
(174, 58, '2024-09-04 14:52:35', 
        'Prothèse dentaire', 
        'Diagnostic pour patient 58', 
        'Obturation', 
        469.82),
(175, 59, '2025-02-04 14:52:35', 
        'Blanchiment', 
        'Diagnostic pour patient 59', 
        'Détartrage', 
        268.46),
(176, 59, '2024-10-04 14:52:35', 
        'Douleur molaire', 
        'Diagnostic pour patient 59', 
        'Détartrage', 
        330.68),
(177, 59, '2024-06-04 14:52:35', 
        'Blanchiment', 
        'Diagnostic pour patient 59', 
        'Détartrage', 
        230.00),
(178, 60, '2024-10-04 14:52:35', 
        'Blanchiment', 
        'Diagnostic pour patient 60', 
        'Détartrage', 
        176.93),
(179, 60, '2025-04-04 15:52:35', 
        'controle annuel', 
        'Diagnostic pour patient 60', 
        'Obturation', 
        392.71),
(180, 60, '2025-04-04 15:52:35', 
        'Prothèse dentaire', 
        'Diagnostic pour patient 60', 
        'Couronne', 
        437.59),
(181, 61, '2025-04-04 15:52:35', 
        'Blanchiment', 
        'Diagnostic pour patient 61', 
        'Couronne', 
        249.93),
(182, 61, '2024-07-04 14:52:35', 
        'controle annuel', 
        'Diagnostic pour patient 61', 
        'Traitement radiculaire', 
        353.75),
(183, 61, '2024-11-04 14:52:35', 
        'Blanchiment', 
        'Diagnostic pour patient 61', 
        'Traitement radiculaire', 
        399.21),
(184, 62, '2024-10-04 14:52:35', 
        'Douleur molaire', 
        'Diagnostic pour patient 62', 
        'Détartrage', 
        124.16),
(185, 62, '2025-01-04 14:52:35', 
        'Carie dentaire', 
        'Diagnostic pour patient 62', 
        'Traitement radiculaire', 
        421.39),
(186, 62, '2025-05-04 14:52:35', 
        'Douleur molaire', 
        'Diagnostic pour patient 62', 
        'Couronne', 
        456.57),
(187, 63, '2024-10-04 14:52:35', 
        'Douleur molaire', 
        'Diagnostic pour patient 63', 
        'Obturation', 
        478.53),
(188, 63, '2025-05-04 14:52:35', 
        'Douleur molaire', 
        'Diagnostic pour patient 63', 
        'Extraction', 
        530.73),
(189, 63, '2025-04-04 15:52:35', 
        'Douleur molaire', 
        'Diagnostic pour patient 63', 
        'Détartrage', 
        288.65),
(190, 64, '2025-04-04 15:52:35', 
        'Douleur molaire', 
        'Diagnostic pour patient 64', 
        'Couronne', 
        541.21),
(191, 64, '2024-11-04 14:52:35', 
        'Carie dentaire', 
        'Diagnostic pour patient 64', 
        'Traitement radiculaire', 
        397.84),
(192, 64, '2024-09-04 14:52:35', 
        'Prothèse dentaire', 
        'Diagnostic pour patient 64', 
        'Extraction', 
        441.75),
(193, 65, '2025-05-04 14:52:35', 
        'Prothèse dentaire', 
        'Diagnostic pour patient 65', 
        'Détartrage', 
        261.80),
(194, 65, '2025-01-04 14:52:35', 
        'Blanchiment', 
        'Diagnostic pour patient 65', 
        'Extraction', 
        387.07),
(195, 65, '2025-05-04 14:52:35', 
        'Carie dentaire', 
        'Diagnostic pour patient 65', 
        'Extraction', 
        207.90),
(196, 66, '2024-08-04 14:52:35', 
        'Carie dentaire', 
        'Diagnostic pour patient 66', 
        'Couronne', 
        286.15),
(197, 66, '2025-01-04 14:52:35', 
        'Blanchiment', 
        'Diagnostic pour patient 66', 
        'Couronne', 
        204.82),
(198, 66, '2025-02-04 14:52:35', 
        'Prothèse dentaire', 
        'Diagnostic pour patient 66', 
        'Traitement radiculaire', 
        224.27),
(199, 67, '2025-03-04 15:52:35', 
        'Blanchiment', 
        'Diagnostic pour patient 67', 
        'Détartrage', 
        427.33),
(200, 67, '2024-06-04 14:52:35', 
        'controle annuel', 
        'Diagnostic pour patient 67', 
        'Couronne', 
        239.00),
(201, 67, '2024-12-04 14:52:35', 
        'Douleur molaire', 
        'Diagnostic pour patient 67', 
        'Traitement radiculaire', 
        140.76),
(202, 68, '2025-05-04 14:52:35', 
        'Blanchiment', 
        'Diagnostic pour patient 68', 
        'Traitement radiculaire', 
        462.87),
(203, 68, '2024-07-04 14:52:35', 
        'controle annuel', 
        'Diagnostic pour patient 68', 
        'Couronne', 
        129.10),
(204, 68, '2024-06-04 14:52:35', 
        'Prothèse dentaire', 
        'Diagnostic pour patient 68', 
        'Obturation', 
        125.06),
(205, 69, '2024-09-04 14:52:35', 
        'Prothèse dentaire', 
        'Diagnostic pour patient 69', 
        'Extraction', 
        509.14),
(206, 69, '2025-05-04 14:52:35', 
        'Carie dentaire', 
        'Diagnostic pour patient 69', 
        'Extraction', 
        393.61),
(207, 69, '2025-02-04 14:52:35', 
        'controle annuel', 
        'Diagnostic pour patient 69', 
        'Détartrage', 
        473.10),
(208, 70, '2024-12-04 14:52:35', 
        'Carie dentaire', 
        'Diagnostic pour patient 70', 
        'Obturation', 
        106.56),
(209, 70, '2024-12-04 14:52:35', 
        'controle annuel', 
        'Diagnostic pour patient 70', 
        'Couronne', 
        201.44),
(210, 70, '2024-07-04 14:52:35', 
        'Blanchiment', 
        'Diagnostic pour patient 70', 
        'Couronne', 
        331.92),
(211, 71, '2025-01-04 14:52:35', 
        'Prothèse dentaire', 
        'Diagnostic pour patient 71', 
        'Traitement radiculaire', 
        546.36),
(212, 71, '2024-07-04 14:52:35', 
        'Douleur molaire', 
        'Diagnostic pour patient 71', 
        'Obturation', 
        159.62),
(213, 71, '2024-08-04 14:52:35', 
        'Blanchiment', 
        'Diagnostic pour patient 71', 
        'Obturation', 
        100.12),
(214, 72, '2024-10-04 14:52:35', 
        'Prothèse dentaire', 
        'Diagnostic pour patient 72', 
        'Couronne', 
        532.02),
(215, 72, '2024-11-04 14:52:35', 
        'Prothèse dentaire', 
        'Diagnostic pour patient 72', 
        'Traitement radiculaire', 
        137.01),
(216, 72, '2024-07-04 14:52:35', 
        'Prothèse dentaire', 
        'Diagnostic pour patient 72', 
        'Extraction', 
        495.65),
(217, 73, '2024-11-04 14:52:35', 
        'Prothèse dentaire', 
        'Diagnostic pour patient 73', 
        'Couronne', 
        343.07),
(218, 73, '2024-11-04 14:52:35', 
        'Prothèse dentaire', 
        'Diagnostic pour patient 73', 
        'Détartrage', 
        558.10),
(219, 73, '2024-06-04 14:52:35', 
        'Blanchiment', 
        'Diagnostic pour patient 73', 
        'Traitement radiculaire', 
        131.87),
(220, 74, '2025-05-04 14:52:35', 
        'Douleur molaire', 
        'Diagnostic pour patient 74', 
        'Extraction', 
        213.55),
(221, 74, '2025-01-04 14:52:35', 
        'controle annuel', 
        'Diagnostic pour patient 74', 
        'Extraction', 
        381.91),
(222, 74, '2024-12-04 14:52:35', 
        'controle annuel', 
        'Diagnostic pour patient 74', 
        'Détartrage', 
        462.72),
(223, 75, '2024-09-04 14:52:35', 
        'Carie dentaire', 
        'Diagnostic pour patient 75', 
        'Obturation', 
        153.15),
(224, 75, '2024-11-04 14:52:35', 
        'Carie dentaire', 
        'Diagnostic pour patient 75', 
        'Traitement radiculaire', 
        461.86),
(225, 75, '2024-07-04 14:52:35', 
        'Blanchiment', 
        'Diagnostic pour patient 75', 
        'Obturation', 
        330.10),
(226, 76, '2025-03-04 15:52:35', 
        'Prothèse dentaire', 
        'Diagnostic pour patient 76', 
        'Traitement radiculaire', 
        250.05),
(227, 76, '2024-07-04 14:52:35', 
        'controle annuel', 
        'Diagnostic pour patient 76', 
        'Obturation', 
        181.09),
(228, 76, '2024-08-04 14:52:35', 
        'Blanchiment', 
        'Diagnostic pour patient 76', 
        'Détartrage', 
        423.30),
(229, 77, '2024-10-04 14:52:35', 
        'Carie dentaire', 
        'Diagnostic pour patient 77', 
        'Obturation', 
        560.79),
(230, 77, '2024-08-04 14:52:35', 
        'Carie dentaire', 
        'Diagnostic pour patient 77', 
        'Détartrage', 
        388.52),
(231, 77, '2024-10-04 14:52:35', 
        'Blanchiment', 
        'Diagnostic pour patient 77', 
        'Détartrage', 
        378.04),
(232, 78, '2024-11-04 14:52:35', 
        'Prothèse dentaire', 
        'Diagnostic pour patient 78', 
        'Traitement radiculaire', 
        457.66),
(233, 78, '2025-03-04 15:52:35', 
        'controle annuel', 
        'Diagnostic pour patient 78', 
        'Traitement radiculaire', 
        544.79),
(234, 78, '2024-12-04 14:52:35', 
        'Carie dentaire', 
        'Diagnostic pour patient 78', 
        'Détartrage', 
        517.78),
(235, 79, '2024-09-04 14:52:35', 
        'Prothèse dentaire', 
        'Diagnostic pour patient 79', 
        'Obturation', 
        463.32),
(236, 79, '2024-11-04 14:52:35', 
        'Blanchiment', 
        'Diagnostic pour patient 79', 
        'Couronne', 
        118.38),
(237, 79, '2024-06-04 14:52:35', 
        'Douleur molaire', 
        'Diagnostic pour patient 79', 
        'Obturation', 
        157.29),
(238, 80, '2024-06-04 14:52:35', 
        'Carie dentaire', 
        'Diagnostic pour patient 80', 
        'Couronne', 
        360.20),
(239, 80, '2024-11-04 14:52:35', 
        'Carie dentaire', 
        'Diagnostic pour patient 80', 
        'Extraction', 
        498.59),
(240, 80, '2024-09-04 14:52:35', 
        'controle annuel', 
        'Diagnostic pour patient 80', 
        'Traitement radiculaire', 
        109.40),
(241, 81, '2025-03-04 15:52:35', 
        'Douleur molaire', 
        'Diagnostic pour patient 81', 
        'Couronne', 
        236.15),
(242, 81, '2025-02-04 14:52:35', 
        'Blanchiment', 
        'Diagnostic pour patient 81', 
        'Détartrage', 
        580.73),
(243, 81, '2025-01-04 14:52:35', 
        'Blanchiment', 
        'Diagnostic pour patient 81', 
        'Couronne', 
        408.13),
(244, 82, '2025-02-04 14:52:35', 
        'Prothèse dentaire', 
        'Diagnostic pour patient 82', 
        'Obturation', 
        135.23),
(245, 82, '2025-02-04 14:52:35', 
        'Blanchiment', 
        'Diagnostic pour patient 82', 
        'Couronne', 
        373.12),
(246, 82, '2025-01-04 14:52:35', 
        'Blanchiment', 
        'Diagnostic pour patient 82', 
        'Détartrage', 
        221.97),
(247, 83, '2025-01-04 14:52:35', 
        'Carie dentaire', 
        'Diagnostic pour patient 83', 
        'Détartrage', 
        231.00),
(248, 83, '2024-08-04 14:52:35', 
        'Carie dentaire', 
        'Diagnostic pour patient 83', 
        'Traitement radiculaire', 
        187.70),
(249, 83, '2024-09-04 14:52:35', 
        'controle annuel', 
        'Diagnostic pour patient 83', 
        'Obturation', 
        299.58),
(250, 84, '2024-09-04 14:52:35', 
        'Carie dentaire', 
        'Diagnostic pour patient 84', 
        'Traitement radiculaire', 
        374.95),
(251, 84, '2025-04-04 15:52:35', 
        'controle annuel', 
        'Diagnostic pour patient 84', 
        'Obturation', 
        169.63),
(252, 84, '2024-06-04 14:52:35', 
        'Douleur molaire', 
        'Diagnostic pour patient 84', 
        'Couronne', 
        525.74),
(253, 85, '2025-05-04 14:52:35', 
        'Carie dentaire', 
        'Diagnostic pour patient 85', 
        'Obturation', 
        128.48),
(254, 85, '2025-03-04 15:52:35', 
        'Douleur molaire', 
        'Diagnostic pour patient 85', 
        'Traitement radiculaire', 
        261.84),
(255, 85, '2024-09-04 14:52:35', 
        'controle annuel', 
        'Diagnostic pour patient 85', 
        'Couronne', 
        264.30),
(256, 86, '2024-08-04 14:52:35', 
        'Prothèse dentaire', 
        'Diagnostic pour patient 86', 
        'Traitement radiculaire', 
        529.91),
(257, 86, '2024-11-04 14:52:35', 
        'Prothèse dentaire', 
        'Diagnostic pour patient 86', 
        'Détartrage', 
        196.48),
(258, 86, '2025-02-04 14:52:35', 
        'Douleur molaire', 
        'Diagnostic pour patient 86', 
        'Obturation', 
        226.49),
(259, 87, '2024-07-04 14:52:35', 
        'Carie dentaire', 
        'Diagnostic pour patient 87', 
        'Obturation', 
        535.58),
(260, 87, '2025-01-04 14:52:35', 
        'Blanchiment', 
        'Diagnostic pour patient 87', 
        'Obturation', 
        263.11),
(261, 87, '2025-05-04 14:52:35', 
        'controle annuel', 
        'Diagnostic pour patient 87', 
        'Extraction', 
        353.28),
(262, 88, '2024-10-04 14:52:35', 
        'controle annuel', 
        'Diagnostic pour patient 88', 
        'Traitement radiculaire', 
        379.66),
(263, 88, '2024-09-04 14:52:35', 
        'controle annuel', 
        'Diagnostic pour patient 88', 
        'Traitement radiculaire', 
        154.92),
(264, 88, '2024-08-04 14:52:35', 
        'controle annuel', 
        'Diagnostic pour patient 88', 
        'Obturation', 
        423.51),
(265, 89, '2025-01-04 14:52:35', 
        'Blanchiment', 
        'Diagnostic pour patient 89', 
        'Couronne', 
        594.30),
(266, 89, '2024-06-04 14:52:35', 
        'Prothèse dentaire', 
        'Diagnostic pour patient 89', 
        'Traitement radiculaire', 
        178.51),
(267, 89, '2025-02-04 14:52:35', 
        'controle annuel', 
        'Diagnostic pour patient 89', 
        'Extraction', 
        347.76),
(268, 90, '2025-01-04 14:52:35', 
        'Carie dentaire', 
        'Diagnostic pour patient 90', 
        'Couronne', 
        452.23),
(269, 90, '2024-06-04 14:52:35', 
        'Douleur molaire', 
        'Diagnostic pour patient 90', 
        'Détartrage', 
        116.35),
(270, 90, '2024-06-04 14:52:35', 
        'controle annuel', 
        'Diagnostic pour patient 90', 
        'Obturation', 
        162.33),
(271, 91, '2024-10-04 14:52:35', 
        'Prothèse dentaire', 
        'Diagnostic pour patient 91', 
        'Obturation', 
        591.38),
(272, 91, '2024-12-04 14:52:35', 
        'Carie dentaire', 
        'Diagnostic pour patient 91', 
        'Couronne', 
        429.99),
(273, 91, '2024-06-04 14:52:35', 
        'Carie dentaire', 
        'Diagnostic pour patient 91', 
        'Extraction', 
        556.90),
(274, 92, '2024-06-04 14:52:35', 
        'Carie dentaire', 
        'Diagnostic pour patient 92', 
        'Obturation', 
        220.34),
(275, 92, '2025-02-04 14:52:35', 
        'Blanchiment', 
        'Diagnostic pour patient 92', 
        'Extraction', 
        150.44),
(276, 92, '2025-04-04 15:52:35', 
        'Prothèse dentaire', 
        'Diagnostic pour patient 92', 
        'Obturation', 
        212.80),
(277, 93, '2025-03-04 15:52:35', 
        'Carie dentaire', 
        'Diagnostic pour patient 93', 
        'Couronne', 
        397.29),
(278, 93, '2024-07-04 14:52:35', 
        'Douleur molaire', 
        'Diagnostic pour patient 93', 
        'Traitement radiculaire', 
        198.40),
(279, 93, '2025-05-04 14:52:35', 
        'Blanchiment', 
        'Diagnostic pour patient 93', 
        'Couronne', 
        374.74),
(280, 94, '2024-11-04 14:52:35', 
        'Douleur molaire', 
        'Diagnostic pour patient 94', 
        'Traitement radiculaire', 
        247.98),
(281, 94, '2025-05-04 14:52:35', 
        'Blanchiment', 
        'Diagnostic pour patient 94', 
        'Détartrage', 
        332.08),
(282, 94, '2025-01-04 14:52:35', 
        'Blanchiment', 
        'Diagnostic pour patient 94', 
        'Couronne', 
        355.94),
(283, 95, '2024-12-04 14:52:35', 
        'Blanchiment', 
        'Diagnostic pour patient 95', 
        'Détartrage', 
        332.30),
(284, 95, '2024-06-04 14:52:35', 
        'controle annuel', 
        'Diagnostic pour patient 95', 
        'Détartrage', 
        228.53),
(285, 95, '2025-04-04 15:52:35', 
        'Douleur molaire', 
        'Diagnostic pour patient 95', 
        'Détartrage', 
        507.89),
(286, 96, '2025-02-04 14:52:35', 
        'Carie dentaire', 
        'Diagnostic pour patient 96', 
        'Détartrage', 
        199.73),
(287, 96, '2024-12-04 14:52:35', 
        'Douleur molaire', 
        'Diagnostic pour patient 96', 
        'Détartrage', 
        499.32),
(288, 96, '2025-01-04 14:52:35', 
        'Carie dentaire', 
        'Diagnostic pour patient 96', 
        'Détartrage', 
        336.50),
(289, 97, '2025-04-04 15:52:35', 
        'Douleur molaire', 
        'Diagnostic pour patient 97', 
        'Extraction', 
        379.46),
(290, 97, '2024-08-04 14:52:35', 
        'Prothèse dentaire', 
        'Diagnostic pour patient 97', 
        'Détartrage', 
        202.16),
(291, 97, '2025-02-04 14:52:35', 
        'Carie dentaire', 
        'Diagnostic pour patient 97', 
        'Obturation', 
        509.80),
(292, 98, '2024-12-04 14:52:35', 
        'Prothèse dentaire', 
        'Diagnostic pour patient 98', 
        'Couronne', 
        413.89),
(293, 98, '2024-07-04 14:52:35', 
        'controle annuel', 
        'Diagnostic pour patient 98', 
        'Obturation', 
        473.18),
(294, 98, '2025-01-04 14:52:35', 
        'controle annuel', 
        'Diagnostic pour patient 98', 
        'Détartrage', 
        115.73),
(295, 99, '2024-11-04 14:52:35', 
        'Blanchiment', 
        'Diagnostic pour patient 99', 
        'Traitement radiculaire', 
        530.37),
(296, 99, '2024-07-04 14:52:35', 
        'Douleur molaire', 
        'Diagnostic pour patient 99', 
        'Couronne', 
        147.06),
(297, 99, '2024-10-04 14:52:35', 
        'Douleur molaire', 
        'Diagnostic pour patient 99', 
        'Extraction', 
        236.26),
(298, 100, '2024-07-04 14:52:35', 
        'Carie dentaire', 
        'Diagnostic pour patient 100', 
        'Extraction', 
        263.19),
(299, 100, '2024-11-04 14:52:35', 
        'Prothèse dentaire', 
        'Diagnostic pour patient 100', 
        'Obturation', 
        417.80),
(300, 100, '2024-07-04 14:52:35', 
        'Douleur molaire', 
        'Diagnostic pour patient 100', 
        'Traitement radiculaire', 
        222.41);

INSERT INTO appointments (id, patient_id, user_id, appointment_date, duration_minutes, status, notes) VALUES
(1, 1, 1, '2025-04-04 15:52:35', 
        30, 
        'scheduled', 
        'Rendez-vous de controle'),
(2, 1, 1, '2025-05-28 14:52:35', 
        30, 
        'scheduled', 
        'Rendez-vous de controle'),
(3, 2, 1, '2025-04-11 14:52:35', 
        30, 
        'scheduled', 
        'Rendez-vous de controle'),
(4, 2, 1, '2025-06-01 14:52:35', 
        30, 
        'scheduled', 
        'Rendez-vous de controle'),
(5, 3, 1, '2025-05-09 14:52:35', 
        30, 
        'scheduled', 
        'Rendez-vous de controle'),
(6, 3, 1, '2025-05-01 14:52:35', 
        30, 
        'scheduled', 
        'Rendez-vous de controle'),
(7, 4, 1, '2025-05-15 14:52:35', 
        30, 
        'scheduled', 
        'Rendez-vous de controle'),
(8, 4, 1, '2025-04-05 15:52:35', 
        30, 
        'scheduled', 
        'Rendez-vous de controle'),
(9, 5, 1, '2025-04-24 14:52:35', 
        30, 
        'scheduled', 
        'Rendez-vous de controle'),
(10, 5, 1, '2025-05-16 14:52:35', 
        30, 
        'scheduled', 
        'Rendez-vous de controle'),
(11, 6, 1, '2025-05-23 14:52:35', 
        30, 
        'scheduled', 
        'Rendez-vous de controle'),
(12, 6, 1, '2025-04-28 14:52:35', 
        30, 
        'scheduled', 
        'Rendez-vous de controle'),
(13, 7, 1, '2025-04-17 14:52:35', 
        30, 
        'scheduled', 
        'Rendez-vous de controle'),
(14, 7, 1, '2025-05-17 14:52:35', 
        30, 
        'scheduled', 
        'Rendez-vous de controle'),
(15, 8, 1, '2025-04-15 14:52:35', 
        30, 
        'scheduled', 
        'Rendez-vous de controle'),
(16, 8, 1, '2025-04-21 14:52:35', 
        30, 
        'scheduled', 
        'Rendez-vous de controle'),
(17, 9, 1, '2025-04-16 14:52:35', 
        30, 
        'scheduled', 
        'Rendez-vous de controle'),
(18, 9, 1, '2025-05-06 14:52:35', 
        30, 
        'scheduled', 
        'Rendez-vous de controle'),
(19, 10, 1, '2025-04-26 14:52:35', 
        30, 
        'scheduled', 
        'Rendez-vous de controle'),
(20, 10, 1, '2025-06-02 14:52:35', 
        30, 
        'scheduled', 
        'Rendez-vous de controle'),
(21, 11, 1, '2025-05-25 14:52:35', 
        30, 
        'scheduled', 
        'Rendez-vous de controle'),
(22, 11, 1, '2025-05-01 14:52:35', 
        30, 
        'scheduled', 
        'Rendez-vous de controle'),
(23, 12, 1, '2025-05-11 14:52:35', 
        30, 
        'scheduled', 
        'Rendez-vous de controle'),
(24, 12, 1, '2025-05-10 14:52:35', 
        30, 
        'scheduled', 
        'Rendez-vous de controle'),
(25, 13, 1, '2025-05-08 14:52:35', 
        30, 
        'scheduled', 
        'Rendez-vous de controle'),
(26, 13, 1, '2025-05-03 14:52:35', 
        30, 
        'scheduled', 
        'Rendez-vous de controle'),
(27, 14, 1, '2025-04-06 14:52:35', 
        30, 
        'scheduled', 
        'Rendez-vous de controle'),
(28, 14, 1, '2025-04-07 14:52:35', 
        30, 
        'scheduled', 
        'Rendez-vous de controle'),
(29, 15, 1, '2025-04-08 14:52:35', 
        30, 
        'scheduled', 
        'Rendez-vous de controle'),
(30, 15, 1, '2025-04-30 14:52:35', 
        30, 
        'scheduled', 
        'Rendez-vous de controle'),
(31, 16, 1, '2025-04-26 14:52:35', 
        30, 
        'scheduled', 
        'Rendez-vous de controle'),
(32, 16, 1, '2025-04-23 14:52:35', 
        30, 
        'scheduled', 
        'Rendez-vous de controle'),
(33, 17, 1, '2025-05-25 14:52:35', 
        30, 
        'scheduled', 
        'Rendez-vous de controle'),
(34, 17, 1, '2025-05-21 14:52:35', 
        30, 
        'scheduled', 
        'Rendez-vous de controle'),
(35, 18, 1, '2025-05-22 14:52:35', 
        30, 
        'scheduled', 
        'Rendez-vous de controle'),
(36, 18, 1, '2025-04-24 14:52:35', 
        30, 
        'scheduled', 
        'Rendez-vous de controle'),
(37, 19, 1, '2025-05-23 14:52:35', 
        30, 
        'scheduled', 
        'Rendez-vous de controle'),
(38, 19, 1, '2025-05-18 14:52:35', 
        30, 
        'scheduled', 
        'Rendez-vous de controle'),
(39, 20, 1, '2025-04-30 14:52:35', 
        30, 
        'scheduled', 
        'Rendez-vous de controle'),
(40, 20, 1, '2025-04-09 14:52:35', 
        30, 
        'scheduled', 
        'Rendez-vous de controle'),
(41, 21, 1, '2025-05-15 14:52:35', 
        30, 
        'scheduled', 
        'Rendez-vous de controle'),
(42, 21, 1, '2025-04-05 15:52:35', 
        30, 
        'scheduled', 
        'Rendez-vous de controle'),
(43, 22, 1, '2025-05-03 14:52:35', 
        30, 
        'scheduled', 
        'Rendez-vous de controle'),
(44, 22, 1, '2025-04-22 14:52:35', 
        30, 
        'scheduled', 
        'Rendez-vous de controle'),
(45, 23, 1, '2025-05-30 14:52:35', 
        30, 
        'scheduled', 
        'Rendez-vous de controle'),
(46, 23, 1, '2025-05-28 14:52:35', 
        30, 
        'scheduled', 
        'Rendez-vous de controle'),
(47, 24, 1, '2025-04-14 14:52:35', 
        30, 
        'scheduled', 
        'Rendez-vous de controle'),
(48, 24, 1, '2025-04-28 14:52:35', 
        30, 
        'scheduled', 
        'Rendez-vous de controle'),
(49, 25, 1, '2025-05-21 14:52:35', 
        30, 
        'scheduled', 
        'Rendez-vous de controle'),
(50, 25, 1, '2025-05-30 14:52:35', 
        30, 
        'scheduled', 
        'Rendez-vous de controle'),
(51, 26, 1, '2025-04-08 14:52:35', 
        30, 
        'scheduled', 
        'Rendez-vous de controle'),
(52, 26, 1, '2025-06-01 14:52:35', 
        30, 
        'scheduled', 
        'Rendez-vous de controle'),
(53, 27, 1, '2025-04-12 14:52:35', 
        30, 
        'scheduled', 
        'Rendez-vous de controle'),
(54, 27, 1, '2025-04-05 15:52:35', 
        30, 
        'scheduled', 
        'Rendez-vous de controle'),
(55, 28, 1, '2025-05-11 14:52:35', 
        30, 
        'scheduled', 
        'Rendez-vous de controle'),
(56, 28, 1, '2025-04-23 14:52:35', 
        30, 
        'scheduled', 
        'Rendez-vous de controle'),
(57, 29, 1, '2025-04-26 14:52:35', 
        30, 
        'scheduled', 
        'Rendez-vous de controle'),
(58, 29, 1, '2025-05-22 14:52:35', 
        30, 
        'scheduled', 
        'Rendez-vous de controle'),
(59, 30, 1, '2025-05-09 14:52:35', 
        30, 
        'scheduled', 
        'Rendez-vous de controle'),
(60, 30, 1, '2025-04-10 14:52:35', 
        30, 
        'scheduled', 
        'Rendez-vous de controle'),
(61, 31, 1, '2025-04-12 14:52:35', 
        30, 
        'scheduled', 
        'Rendez-vous de controle'),
(62, 31, 1, '2025-04-05 15:52:35', 
        30, 
        'scheduled', 
        'Rendez-vous de controle'),
(63, 32, 1, '2025-05-24 14:52:35', 
        30, 
        'scheduled', 
        'Rendez-vous de controle'),
(64, 32, 1, '2025-05-10 14:52:35', 
        30, 
        'scheduled', 
        'Rendez-vous de controle'),
(65, 33, 1, '2025-05-28 14:52:35', 
        30, 
        'scheduled', 
        'Rendez-vous de controle'),
(66, 33, 1, '2025-04-25 14:52:35', 
        30, 
        'scheduled', 
        'Rendez-vous de controle'),
(67, 34, 1, '2025-04-29 14:52:35', 
        30, 
        'scheduled', 
        'Rendez-vous de controle'),
(68, 34, 1, '2025-04-29 14:52:35', 
        30, 
        'scheduled', 
        'Rendez-vous de controle'),
(69, 35, 1, '2025-04-16 14:52:35', 
        30, 
        'scheduled', 
        'Rendez-vous de controle'),
(70, 35, 1, '2025-04-30 14:52:35', 
        30, 
        'scheduled', 
        'Rendez-vous de controle'),
(71, 36, 1, '2025-04-15 14:52:35', 
        30, 
        'scheduled', 
        'Rendez-vous de controle'),
(72, 36, 1, '2025-06-01 14:52:35', 
        30, 
        'scheduled', 
        'Rendez-vous de controle'),
(73, 37, 1, '2025-05-25 14:52:35', 
        30, 
        'scheduled', 
        'Rendez-vous de controle'),
(74, 37, 1, '2025-05-15 14:52:35', 
        30, 
        'scheduled', 
        'Rendez-vous de controle'),
(75, 38, 1, '2025-04-11 14:52:35', 
        30, 
        'scheduled', 
        'Rendez-vous de controle'),
(76, 38, 1, '2025-04-09 14:52:35', 
        30, 
        'scheduled', 
        'Rendez-vous de controle'),
(77, 39, 1, '2025-05-19 14:52:35', 
        30, 
        'scheduled', 
        'Rendez-vous de controle'),
(78, 39, 1, '2025-05-05 14:52:35', 
        30, 
        'scheduled', 
        'Rendez-vous de controle'),
(79, 40, 1, '2025-05-20 14:52:35', 
        30, 
        'scheduled', 
        'Rendez-vous de controle'),
(80, 40, 1, '2025-05-29 14:52:35', 
        30, 
        'scheduled', 
        'Rendez-vous de controle'),
(81, 41, 1, '2025-05-03 14:52:35', 
        30, 
        'scheduled', 
        'Rendez-vous de controle'),
(82, 41, 1, '2025-06-01 14:52:35', 
        30, 
        'scheduled', 
        'Rendez-vous de controle'),
(83, 42, 1, '2025-05-28 14:52:35', 
        30, 
        'scheduled', 
        'Rendez-vous de controle'),
(84, 42, 1, '2025-05-07 14:52:35', 
        30, 
        'scheduled', 
        'Rendez-vous de controle'),
(85, 43, 1, '2025-05-24 14:52:35', 
        30, 
        'scheduled', 
        'Rendez-vous de controle'),
(86, 43, 1, '2025-05-26 14:52:35', 
        30, 
        'scheduled', 
        'Rendez-vous de controle'),
(87, 44, 1, '2025-04-06 14:52:35', 
        30, 
        'scheduled', 
        'Rendez-vous de controle'),
(88, 44, 1, '2025-06-02 14:52:35', 
        30, 
        'scheduled', 
        'Rendez-vous de controle'),
(89, 45, 1, '2025-05-27 14:52:35', 
        30, 
        'scheduled', 
        'Rendez-vous de controle'),
(90, 45, 1, '2025-04-26 14:52:35', 
        30, 
        'scheduled', 
        'Rendez-vous de controle'),
(91, 46, 1, '2025-05-18 14:52:35', 
        30, 
        'scheduled', 
        'Rendez-vous de controle'),
(92, 46, 1, '2025-04-17 14:52:35', 
        30, 
        'scheduled', 
        'Rendez-vous de controle'),
(93, 47, 1, '2025-05-06 14:52:35', 
        30, 
        'scheduled', 
        'Rendez-vous de controle'),
(94, 47, 1, '2025-04-13 14:52:35', 
        30, 
        'scheduled', 
        'Rendez-vous de controle'),
(95, 48, 1, '2025-05-20 14:52:35', 
        30, 
        'scheduled', 
        'Rendez-vous de controle'),
(96, 48, 1, '2025-04-13 14:52:35', 
        30, 
        'scheduled', 
        'Rendez-vous de controle'),
(97, 49, 1, '2025-04-06 14:52:35', 
        30, 
        'scheduled', 
        'Rendez-vous de controle'),
(98, 49, 1, '2025-05-26 14:52:35', 
        30, 
        'scheduled', 
        'Rendez-vous de controle'),
(99, 50, 1, '2025-04-21 14:52:35', 
        30, 
        'scheduled', 
        'Rendez-vous de controle'),
(100, 50, 1, '2025-04-30 14:52:35', 
        30, 
        'scheduled', 
        'Rendez-vous de controle'),
(101, 51, 1, '2025-04-29 14:52:35', 
        30, 
        'scheduled', 
        'Rendez-vous de controle'),
(102, 51, 1, '2025-04-16 14:52:35', 
        30, 
        'scheduled', 
        'Rendez-vous de controle'),
(103, 52, 1, '2025-04-05 15:52:35', 
        30, 
        'scheduled', 
        'Rendez-vous de controle'),
(104, 52, 1, '2025-05-25 14:52:35', 
        30, 
        'scheduled', 
        'Rendez-vous de controle'),
(105, 53, 1, '2025-05-15 14:52:35', 
        30, 
        'scheduled', 
        'Rendez-vous de controle'),
(106, 53, 1, '2025-04-13 14:52:35', 
        30, 
        'scheduled', 
        'Rendez-vous de controle'),
(107, 54, 1, '2025-05-18 14:52:35', 
        30, 
        'scheduled', 
        'Rendez-vous de controle'),
(108, 54, 1, '2025-05-13 14:52:35', 
        30, 
        'scheduled', 
        'Rendez-vous de controle'),
(109, 55, 1, '2025-04-15 14:52:35', 
        30, 
        'scheduled', 
        'Rendez-vous de controle'),
(110, 55, 1, '2025-05-10 14:52:35', 
        30, 
        'scheduled', 
        'Rendez-vous de controle'),
(111, 56, 1, '2025-05-18 14:52:35', 
        30, 
        'scheduled', 
        'Rendez-vous de controle'),
(112, 56, 1, '2025-05-31 14:52:35', 
        30, 
        'scheduled', 
        'Rendez-vous de controle'),
(113, 57, 1, '2025-04-07 14:52:35', 
        30, 
        'scheduled', 
        'Rendez-vous de controle'),
(114, 57, 1, '2025-04-19 14:52:35', 
        30, 
        'scheduled', 
        'Rendez-vous de controle'),
(115, 58, 1, '2025-04-29 14:52:35', 
        30, 
        'scheduled', 
        'Rendez-vous de controle'),
(116, 58, 1, '2025-04-16 14:52:35', 
        30, 
        'scheduled', 
        'Rendez-vous de controle'),
(117, 59, 1, '2025-04-18 14:52:35', 
        30, 
        'scheduled', 
        'Rendez-vous de controle'),
(118, 59, 1, '2025-05-12 14:52:35', 
        30, 
        'scheduled', 
        'Rendez-vous de controle'),
(119, 60, 1, '2025-06-01 14:52:35', 
        30, 
        'scheduled', 
        'Rendez-vous de controle'),
(120, 60, 1, '2025-04-14 14:52:35', 
        30, 
        'scheduled', 
        'Rendez-vous de controle'),
(121, 61, 1, '2025-05-24 14:52:35', 
        30, 
        'scheduled', 
        'Rendez-vous de controle'),
(122, 61, 1, '2025-06-02 14:52:35', 
        30, 
        'scheduled', 
        'Rendez-vous de controle'),
(123, 62, 1, '2025-05-13 14:52:35', 
        30, 
        'scheduled', 
        'Rendez-vous de controle'),
(124, 62, 1, '2025-05-30 14:52:35', 
        30, 
        'scheduled', 
        'Rendez-vous de controle'),
(125, 63, 1, '2025-04-22 14:52:35', 
        30, 
        'scheduled', 
        'Rendez-vous de controle'),
(126, 63, 1, '2025-05-19 14:52:35', 
        30, 
        'scheduled', 
        'Rendez-vous de controle'),
(127, 64, 1, '2025-05-08 14:52:35', 
        30, 
        'scheduled', 
        'Rendez-vous de controle'),
(128, 64, 1, '2025-04-22 14:52:35', 
        30, 
        'scheduled', 
        'Rendez-vous de controle'),
(129, 65, 1, '2025-04-09 14:52:35', 
        30, 
        'scheduled', 
        'Rendez-vous de controle'),
(130, 65, 1, '2025-05-14 14:52:35', 
        30, 
        'scheduled', 
        'Rendez-vous de controle'),
(131, 66, 1, '2025-05-19 14:52:35', 
        30, 
        'scheduled', 
        'Rendez-vous de controle'),
(132, 66, 1, '2025-05-21 14:52:35', 
        30, 
        'scheduled', 
        'Rendez-vous de controle'),
(133, 67, 1, '2025-05-21 14:52:35', 
        30, 
        'scheduled', 
        'Rendez-vous de controle'),
(134, 67, 1, '2025-04-20 14:52:35', 
        30, 
        'scheduled', 
        'Rendez-vous de controle'),
(135, 68, 1, '2025-05-30 14:52:35', 
        30, 
        'scheduled', 
        'Rendez-vous de controle'),
(136, 68, 1, '2025-04-27 14:52:35', 
        30, 
        'scheduled', 
        'Rendez-vous de controle'),
(137, 69, 1, '2025-05-12 14:52:35', 
        30, 
        'scheduled', 
        'Rendez-vous de controle'),
(138, 69, 1, '2025-05-28 14:52:35', 
        30, 
        'scheduled', 
        'Rendez-vous de controle'),
(139, 70, 1, '2025-05-07 14:52:35', 
        30, 
        'scheduled', 
        'Rendez-vous de controle'),
(140, 70, 1, '2025-04-11 14:52:35', 
        30, 
        'scheduled', 
        'Rendez-vous de controle'),
(141, 71, 1, '2025-04-18 14:52:35', 
        30, 
        'scheduled', 
        'Rendez-vous de controle'),
(142, 71, 1, '2025-05-09 14:52:35', 
        30, 
        'scheduled', 
        'Rendez-vous de controle'),
(143, 72, 1, '2025-04-28 14:52:35', 
        30, 
        'scheduled', 
        'Rendez-vous de controle'),
(144, 72, 1, '2025-05-27 14:52:35', 
        30, 
        'scheduled', 
        'Rendez-vous de controle'),
(145, 73, 1, '2025-05-04 14:52:35', 
        30, 
        'scheduled', 
        'Rendez-vous de controle'),
(146, 73, 1, '2025-05-15 14:52:35', 
        30, 
        'scheduled', 
        'Rendez-vous de controle'),
(147, 74, 1, '2025-05-26 14:52:35', 
        30, 
        'scheduled', 
        'Rendez-vous de controle'),
(148, 74, 1, '2025-04-21 14:52:35', 
        30, 
        'scheduled', 
        'Rendez-vous de controle'),
(149, 75, 1, '2025-04-10 14:52:35', 
        30, 
        'scheduled', 
        'Rendez-vous de controle'),
(150, 75, 1, '2025-05-11 14:52:35', 
        30, 
        'scheduled', 
        'Rendez-vous de controle'),
(151, 76, 1, '2025-05-01 14:52:35', 
        30, 
        'scheduled', 
        'Rendez-vous de controle'),
(152, 76, 1, '2025-04-06 14:52:35', 
        30, 
        'scheduled', 
        'Rendez-vous de controle'),
(153, 77, 1, '2025-05-02 14:52:35', 
        30, 
        'scheduled', 
        'Rendez-vous de controle'),
(154, 77, 1, '2025-05-29 14:52:35', 
        30, 
        'scheduled', 
        'Rendez-vous de controle'),
(155, 78, 1, '2025-04-11 14:52:35', 
        30, 
        'scheduled', 
        'Rendez-vous de controle'),
(156, 78, 1, '2025-05-12 14:52:35', 
        30, 
        'scheduled', 
        'Rendez-vous de controle'),
(157, 79, 1, '2025-05-28 14:52:35', 
        30, 
        'scheduled', 
        'Rendez-vous de controle'),
(158, 79, 1, '2025-04-13 14:52:35', 
        30, 
        'scheduled', 
        'Rendez-vous de controle'),
(159, 80, 1, '2025-06-01 14:52:35', 
        30, 
        'scheduled', 
        'Rendez-vous de controle'),
(160, 80, 1, '2025-05-29 14:52:35', 
        30, 
        'scheduled', 
        'Rendez-vous de controle'),
(161, 81, 1, '2025-05-21 14:52:35', 
        30, 
        'scheduled', 
        'Rendez-vous de controle'),
(162, 81, 1, '2025-04-29 14:52:35', 
        30, 
        'scheduled', 
        'Rendez-vous de controle'),
(163, 82, 1, '2025-05-20 14:52:35', 
        30, 
        'scheduled', 
        'Rendez-vous de controle'),
(164, 82, 1, '2025-05-14 14:52:35', 
        30, 
        'scheduled', 
        'Rendez-vous de controle'),
(165, 83, 1, '2025-06-01 14:52:35', 
        30, 
        'scheduled', 
        'Rendez-vous de controle'),
(166, 83, 1, '2025-05-15 14:52:35', 
        30, 
        'scheduled', 
        'Rendez-vous de controle'),
(167, 84, 1, '2025-04-19 14:52:35', 
        30, 
        'scheduled', 
        'Rendez-vous de controle'),
(168, 84, 1, '2025-05-04 14:52:35', 
        30, 
        'scheduled', 
        'Rendez-vous de controle'),
(169, 85, 1, '2025-04-15 14:52:35', 
        30, 
        'scheduled', 
        'Rendez-vous de controle'),
(170, 85, 1, '2025-04-05 15:52:35', 
        30, 
        'scheduled', 
        'Rendez-vous de controle'),
(171, 86, 1, '2025-05-27 14:52:35', 
        30, 
        'scheduled', 
        'Rendez-vous de controle'),
(172, 86, 1, '2025-04-04 15:52:35', 
        30, 
        'scheduled', 
        'Rendez-vous de controle'),
(173, 87, 1, '2025-04-18 14:52:35', 
        30, 
        'scheduled', 
        'Rendez-vous de controle'),
(174, 87, 1, '2025-04-28 14:52:35', 
        30, 
        'scheduled', 
        'Rendez-vous de controle'),
(175, 88, 1, '2025-04-18 14:52:35', 
        30, 
        'scheduled', 
        'Rendez-vous de controle'),
(176, 88, 1, '2025-04-22 14:52:35', 
        30, 
        'scheduled', 
        'Rendez-vous de controle'),
(177, 89, 1, '2025-05-20 14:52:35', 
        30, 
        'scheduled', 
        'Rendez-vous de controle'),
(178, 89, 1, '2025-04-12 14:52:35', 
        30, 
        'scheduled', 
        'Rendez-vous de controle'),
(179, 90, 1, '2025-04-04 15:52:35', 
        30, 
        'scheduled', 
        'Rendez-vous de controle'),
(180, 90, 1, '2025-05-07 14:52:35', 
        30, 
        'scheduled', 
        'Rendez-vous de controle'),
(181, 91, 1, '2025-05-13 14:52:35', 
        30, 
        'scheduled', 
        'Rendez-vous de controle'),
(182, 91, 1, '2025-05-03 14:52:35', 
        30, 
        'scheduled', 
        'Rendez-vous de controle'),
(183, 92, 1, '2025-04-04 15:52:35', 
        30, 
        'scheduled', 
        'Rendez-vous de controle'),
(184, 92, 1, '2025-04-14 14:52:35', 
        30, 
        'scheduled', 
        'Rendez-vous de controle'),
(185, 93, 1, '2025-05-13 14:52:35', 
        30, 
        'scheduled', 
        'Rendez-vous de controle'),
(186, 93, 1, '2025-04-17 14:52:35', 
        30, 
        'scheduled', 
        'Rendez-vous de controle'),
(187, 94, 1, '2025-05-09 14:52:35', 
        30, 
        'scheduled', 
        'Rendez-vous de controle'),
(188, 94, 1, '2025-05-20 14:52:35', 
        30, 
        'scheduled', 
        'Rendez-vous de controle'),
(189, 95, 1, '2025-04-24 14:52:35', 
        30, 
        'scheduled', 
        'Rendez-vous de controle'),
(190, 95, 1, '2025-05-19 14:52:35', 
        30, 
        'scheduled', 
        'Rendez-vous de controle'),
(191, 96, 1, '2025-05-21 14:52:35', 
        30, 
        'scheduled', 
        'Rendez-vous de controle'),
(192, 96, 1, '2025-05-21 14:52:35', 
        30, 
        'scheduled', 
        'Rendez-vous de controle'),
(193, 97, 1, '2025-05-13 14:52:35', 
        30, 
        'scheduled', 
        'Rendez-vous de controle'),
(194, 97, 1, '2025-04-11 14:52:35', 
        30, 
        'scheduled', 
        'Rendez-vous de controle'),
(195, 98, 1, '2025-05-16 14:52:35', 
        30, 
        'scheduled', 
        'Rendez-vous de controle'),
(196, 98, 1, '2025-04-16 14:52:35', 
        30, 
        'scheduled', 
        'Rendez-vous de controle'),
(197, 99, 1, '2025-04-19 14:52:35', 
        30, 
        'scheduled', 
        'Rendez-vous de controle'),
(198, 99, 1, '2025-04-18 14:52:35', 
        30, 
        'scheduled', 
        'Rendez-vous de controle'),
(199, 100, 1, '2025-05-14 14:52:35', 
        30, 
        'scheduled', 
        'Rendez-vous de controle'),
(200, 100, 1, '2025-04-06 14:52:35', 
        30, 
        'scheduled', 
        'Rendez-vous de controle');

INSERT INTO patient_documents (id, patient_id, file_name, file_type, file_path) VALUES
(1, 1, 
      'document_1_1.pdf', 
      'radiographie', 
      '/documents/patient_1'),
(2, 1, 
      'document_1_2.pdf', 
      'radiographie', 
      '/documents/patient_1'),
(3, 2, 
      'document_2_1.pdf', 
      'radiographie', 
      '/documents/patient_2'),
(4, 2, 
      'document_2_2.pdf', 
      'radiographie', 
      '/documents/patient_2'),
(5, 3, 
      'document_3_1.pdf', 
      'radiographie', 
      '/documents/patient_3'),
(6, 3, 
      'document_3_2.pdf', 
      'radiographie', 
      '/documents/patient_3'),
(7, 4, 
      'document_4_1.pdf', 
      'radiographie', 
      '/documents/patient_4'),
(8, 4, 
      'document_4_2.pdf', 
      'radiographie', 
      '/documents/patient_4'),
(9, 5, 
      'document_5_1.pdf', 
      'radiographie', 
      '/documents/patient_5'),
(10, 5, 
      'document_5_2.pdf', 
      'radiographie', 
      '/documents/patient_5'),
(11, 6, 
      'document_6_1.pdf', 
      'radiographie', 
      '/documents/patient_6'),
(12, 6, 
      'document_6_2.pdf', 
      'radiographie', 
      '/documents/patient_6'),
(13, 7, 
      'document_7_1.pdf', 
      'radiographie', 
      '/documents/patient_7'),
(14, 7, 
      'document_7_2.pdf', 
      'radiographie', 
      '/documents/patient_7'),
(15, 8, 
      'document_8_1.pdf', 
      'radiographie', 
      '/documents/patient_8'),
(16, 8, 
      'document_8_2.pdf', 
      'radiographie', 
      '/documents/patient_8'),
(17, 9, 
      'document_9_1.pdf', 
      'radiographie', 
      '/documents/patient_9'),
(18, 9, 
      'document_9_2.pdf', 
      'radiographie', 
      '/documents/patient_9'),
(19, 10, 
      'document_10_1.pdf', 
      'radiographie', 
      '/documents/patient_10'),
(20, 10, 
      'document_10_2.pdf', 
      'radiographie', 
      '/documents/patient_10'),
(21, 11, 
      'document_11_1.pdf', 
      'radiographie', 
      '/documents/patient_11'),
(22, 11, 
      'document_11_2.pdf', 
      'radiographie', 
      '/documents/patient_11'),
(23, 12, 
      'document_12_1.pdf', 
      'radiographie', 
      '/documents/patient_12'),
(24, 12, 
      'document_12_2.pdf', 
      'radiographie', 
      '/documents/patient_12'),
(25, 13, 
      'document_13_1.pdf', 
      'radiographie', 
      '/documents/patient_13'),
(26, 13, 
      'document_13_2.pdf', 
      'radiographie', 
      '/documents/patient_13'),
(27, 14, 
      'document_14_1.pdf', 
      'radiographie', 
      '/documents/patient_14'),
(28, 14, 
      'document_14_2.pdf', 
      'radiographie', 
      '/documents/patient_14'),
(29, 15, 
      'document_15_1.pdf', 
      'radiographie', 
      '/documents/patient_15'),
(30, 15, 
      'document_15_2.pdf', 
      'radiographie', 
      '/documents/patient_15'),
(31, 16, 
      'document_16_1.pdf', 
      'radiographie', 
      '/documents/patient_16'),
(32, 16, 
      'document_16_2.pdf', 
      'radiographie', 
      '/documents/patient_16'),
(33, 17, 
      'document_17_1.pdf', 
      'radiographie', 
      '/documents/patient_17'),
(34, 17, 
      'document_17_2.pdf', 
      'radiographie', 
      '/documents/patient_17'),
(35, 18, 
      'document_18_1.pdf', 
      'radiographie', 
      '/documents/patient_18'),
(36, 18, 
      'document_18_2.pdf', 
      'radiographie', 
      '/documents/patient_18'),
(37, 19, 
      'document_19_1.pdf', 
      'radiographie', 
      '/documents/patient_19'),
(38, 19, 
      'document_19_2.pdf', 
      'radiographie', 
      '/documents/patient_19'),
(39, 20, 
      'document_20_1.pdf', 
      'radiographie', 
      '/documents/patient_20'),
(40, 20, 
      'document_20_2.pdf', 
      'radiographie', 
      '/documents/patient_20'),
(41, 21, 
      'document_21_1.pdf', 
      'radiographie', 
      '/documents/patient_21'),
(42, 21, 
      'document_21_2.pdf', 
      'radiographie', 
      '/documents/patient_21'),
(43, 22, 
      'document_22_1.pdf', 
      'radiographie', 
      '/documents/patient_22'),
(44, 22, 
      'document_22_2.pdf', 
      'radiographie', 
      '/documents/patient_22'),
(45, 23, 
      'document_23_1.pdf', 
      'radiographie', 
      '/documents/patient_23'),
(46, 23, 
      'document_23_2.pdf', 
      'radiographie', 
      '/documents/patient_23'),
(47, 24, 
      'document_24_1.pdf', 
      'radiographie', 
      '/documents/patient_24'),
(48, 24, 
      'document_24_2.pdf', 
      'radiographie', 
      '/documents/patient_24'),
(49, 25, 
      'document_25_1.pdf', 
      'radiographie', 
      '/documents/patient_25'),
(50, 25, 
      'document_25_2.pdf', 
      'radiographie', 
      '/documents/patient_25'),
(51, 26, 
      'document_26_1.pdf', 
      'radiographie', 
      '/documents/patient_26'),
(52, 26, 
      'document_26_2.pdf', 
      'radiographie', 
      '/documents/patient_26'),
(53, 27, 
      'document_27_1.pdf', 
      'radiographie', 
      '/documents/patient_27'),
(54, 27, 
      'document_27_2.pdf', 
      'radiographie', 
      '/documents/patient_27'),
(55, 28, 
      'document_28_1.pdf', 
      'radiographie', 
      '/documents/patient_28'),
(56, 28, 
      'document_28_2.pdf', 
      'radiographie', 
      '/documents/patient_28'),
(57, 29, 
      'document_29_1.pdf', 
      'radiographie', 
      '/documents/patient_29'),
(58, 29, 
      'document_29_2.pdf', 
      'radiographie', 
      '/documents/patient_29'),
(59, 30, 
      'document_30_1.pdf', 
      'radiographie', 
      '/documents/patient_30'),
(60, 30, 
      'document_30_2.pdf', 
      'radiographie', 
      '/documents/patient_30'),
(61, 31, 
      'document_31_1.pdf', 
      'radiographie', 
      '/documents/patient_31'),
(62, 31, 
      'document_31_2.pdf', 
      'radiographie', 
      '/documents/patient_31'),
(63, 32, 
      'document_32_1.pdf', 
      'radiographie', 
      '/documents/patient_32'),
(64, 32, 
      'document_32_2.pdf', 
      'radiographie', 
      '/documents/patient_32'),
(65, 33, 
      'document_33_1.pdf', 
      'radiographie', 
      '/documents/patient_33'),
(66, 33, 
      'document_33_2.pdf', 
      'radiographie', 
      '/documents/patient_33'),
(67, 34, 
      'document_34_1.pdf', 
      'radiographie', 
      '/documents/patient_34'),
(68, 34, 
      'document_34_2.pdf', 
      'radiographie', 
      '/documents/patient_34'),
(69, 35, 
      'document_35_1.pdf', 
      'radiographie', 
      '/documents/patient_35'),
(70, 35, 
      'document_35_2.pdf', 
      'radiographie', 
      '/documents/patient_35'),
(71, 36, 
      'document_36_1.pdf', 
      'radiographie', 
      '/documents/patient_36'),
(72, 36, 
      'document_36_2.pdf', 
      'radiographie', 
      '/documents/patient_36'),
(73, 37, 
      'document_37_1.pdf', 
      'radiographie', 
      '/documents/patient_37'),
(74, 37, 
      'document_37_2.pdf', 
      'radiographie', 
      '/documents/patient_37'),
(75, 38, 
      'document_38_1.pdf', 
      'radiographie', 
      '/documents/patient_38'),
(76, 38, 
      'document_38_2.pdf', 
      'radiographie', 
      '/documents/patient_38'),
(77, 39, 
      'document_39_1.pdf', 
      'radiographie', 
      '/documents/patient_39'),
(78, 39, 
      'document_39_2.pdf', 
      'radiographie', 
      '/documents/patient_39'),
(79, 40, 
      'document_40_1.pdf', 
      'radiographie', 
      '/documents/patient_40'),
(80, 40, 
      'document_40_2.pdf', 
      'radiographie', 
      '/documents/patient_40'),
(81, 41, 
      'document_41_1.pdf', 
      'radiographie', 
      '/documents/patient_41'),
(82, 41, 
      'document_41_2.pdf', 
      'radiographie', 
      '/documents/patient_41'),
(83, 42, 
      'document_42_1.pdf', 
      'radiographie', 
      '/documents/patient_42'),
(84, 42, 
      'document_42_2.pdf', 
      'radiographie', 
      '/documents/patient_42'),
(85, 43, 
      'document_43_1.pdf', 
      'radiographie', 
      '/documents/patient_43'),
(86, 43, 
      'document_43_2.pdf', 
      'radiographie', 
      '/documents/patient_43'),
(87, 44, 
      'document_44_1.pdf', 
      'radiographie', 
      '/documents/patient_44'),
(88, 44, 
      'document_44_2.pdf', 
      'radiographie', 
      '/documents/patient_44'),
(89, 45, 
      'document_45_1.pdf', 
      'radiographie', 
      '/documents/patient_45'),
(90, 45, 
      'document_45_2.pdf', 
      'radiographie', 
      '/documents/patient_45'),
(91, 46, 
      'document_46_1.pdf', 
      'radiographie', 
      '/documents/patient_46'),
(92, 46, 
      'document_46_2.pdf', 
      'radiographie', 
      '/documents/patient_46'),
(93, 47, 
      'document_47_1.pdf', 
      'radiographie', 
      '/documents/patient_47'),
(94, 47, 
      'document_47_2.pdf', 
      'radiographie', 
      '/documents/patient_47'),
(95, 48, 
      'document_48_1.pdf', 
      'radiographie', 
      '/documents/patient_48'),
(96, 48, 
      'document_48_2.pdf', 
      'radiographie', 
      '/documents/patient_48'),
(97, 49, 
      'document_49_1.pdf', 
      'radiographie', 
      '/documents/patient_49'),
(98, 49, 
      'document_49_2.pdf', 
      'radiographie', 
      '/documents/patient_49'),
(99, 50, 
      'document_50_1.pdf', 
      'radiographie', 
      '/documents/patient_50'),
(100, 50, 
      'document_50_2.pdf', 
      'radiographie', 
      '/documents/patient_50'),
(101, 51, 
      'document_51_1.pdf', 
      'radiographie', 
      '/documents/patient_51'),
(102, 51, 
      'document_51_2.pdf', 
      'radiographie', 
      '/documents/patient_51'),
(103, 52, 
      'document_52_1.pdf', 
      'radiographie', 
      '/documents/patient_52'),
(104, 52, 
      'document_52_2.pdf', 
      'radiographie', 
      '/documents/patient_52'),
(105, 53, 
      'document_53_1.pdf', 
      'radiographie', 
      '/documents/patient_53'),
(106, 53, 
      'document_53_2.pdf', 
      'radiographie', 
      '/documents/patient_53'),
(107, 54, 
      'document_54_1.pdf', 
      'radiographie', 
      '/documents/patient_54'),
(108, 54, 
      'document_54_2.pdf', 
      'radiographie', 
      '/documents/patient_54'),
(109, 55, 
      'document_55_1.pdf', 
      'radiographie', 
      '/documents/patient_55'),
(110, 55, 
      'document_55_2.pdf', 
      'radiographie', 
      '/documents/patient_55'),
(111, 56, 
      'document_56_1.pdf', 
      'radiographie', 
      '/documents/patient_56'),
(112, 56, 
      'document_56_2.pdf', 
      'radiographie', 
      '/documents/patient_56'),
(113, 57, 
      'document_57_1.pdf', 
      'radiographie', 
      '/documents/patient_57'),
(114, 57, 
      'document_57_2.pdf', 
      'radiographie', 
      '/documents/patient_57'),
(115, 58, 
      'document_58_1.pdf', 
      'radiographie', 
      '/documents/patient_58'),
(116, 58, 
      'document_58_2.pdf', 
      'radiographie', 
      '/documents/patient_58'),
(117, 59, 
      'document_59_1.pdf', 
      'radiographie', 
      '/documents/patient_59'),
(118, 59, 
      'document_59_2.pdf', 
      'radiographie', 
      '/documents/patient_59'),
(119, 60, 
      'document_60_1.pdf', 
      'radiographie', 
      '/documents/patient_60'),
(120, 60, 
      'document_60_2.pdf', 
      'radiographie', 
      '/documents/patient_60'),
(121, 61, 
      'document_61_1.pdf', 
      'radiographie', 
      '/documents/patient_61'),
(122, 61, 
      'document_61_2.pdf', 
      'radiographie', 
      '/documents/patient_61'),
(123, 62, 
      'document_62_1.pdf', 
      'radiographie', 
      '/documents/patient_62'),
(124, 62, 
      'document_62_2.pdf', 
      'radiographie', 
      '/documents/patient_62'),
(125, 63, 
      'document_63_1.pdf', 
      'radiographie', 
      '/documents/patient_63'),
(126, 63, 
      'document_63_2.pdf', 
      'radiographie', 
      '/documents/patient_63'),
(127, 64, 
      'document_64_1.pdf', 
      'radiographie', 
      '/documents/patient_64'),
(128, 64, 
      'document_64_2.pdf', 
      'radiographie', 
      '/documents/patient_64'),
(129, 65, 
      'document_65_1.pdf', 
      'radiographie', 
      '/documents/patient_65'),
(130, 65, 
      'document_65_2.pdf', 
      'radiographie', 
      '/documents/patient_65'),
(131, 66, 
      'document_66_1.pdf', 
      'radiographie', 
      '/documents/patient_66'),
(132, 66, 
      'document_66_2.pdf', 
      'radiographie', 
      '/documents/patient_66'),
(133, 67, 
      'document_67_1.pdf', 
      'radiographie', 
      '/documents/patient_67'),
(134, 67, 
      'document_67_2.pdf', 
      'radiographie', 
      '/documents/patient_67'),
(135, 68, 
      'document_68_1.pdf', 
      'radiographie', 
      '/documents/patient_68'),
(136, 68, 
      'document_68_2.pdf', 
      'radiographie', 
      '/documents/patient_68'),
(137, 69, 
      'document_69_1.pdf', 
      'radiographie', 
      '/documents/patient_69'),
(138, 69, 
      'document_69_2.pdf', 
      'radiographie', 
      '/documents/patient_69'),
(139, 70, 
      'document_70_1.pdf', 
      'radiographie', 
      '/documents/patient_70'),
(140, 70, 
      'document_70_2.pdf', 
      'radiographie', 
      '/documents/patient_70'),
(141, 71, 
      'document_71_1.pdf', 
      'radiographie', 
      '/documents/patient_71'),
(142, 71, 
      'document_71_2.pdf', 
      'radiographie', 
      '/documents/patient_71'),
(143, 72, 
      'document_72_1.pdf', 
      'radiographie', 
      '/documents/patient_72'),
(144, 72, 
      'document_72_2.pdf', 
      'radiographie', 
      '/documents/patient_72'),
(145, 73, 
      'document_73_1.pdf', 
      'radiographie', 
      '/documents/patient_73'),
(146, 73, 
      'document_73_2.pdf', 
      'radiographie', 
      '/documents/patient_73'),
(147, 74, 
      'document_74_1.pdf', 
      'radiographie', 
      '/documents/patient_74'),
(148, 74, 
      'document_74_2.pdf', 
      'radiographie', 
      '/documents/patient_74'),
(149, 75, 
      'document_75_1.pdf', 
      'radiographie', 
      '/documents/patient_75'),
(150, 75, 
      'document_75_2.pdf', 
      'radiographie', 
      '/documents/patient_75'),
(151, 76, 
      'document_76_1.pdf', 
      'radiographie', 
      '/documents/patient_76'),
(152, 76, 
      'document_76_2.pdf', 
      'radiographie', 
      '/documents/patient_76'),
(153, 77, 
      'document_77_1.pdf', 
      'radiographie', 
      '/documents/patient_77'),
(154, 77, 
      'document_77_2.pdf', 
      'radiographie', 
      '/documents/patient_77'),
(155, 78, 
      'document_78_1.pdf', 
      'radiographie', 
      '/documents/patient_78'),
(156, 78, 
      'document_78_2.pdf', 
      'radiographie', 
      '/documents/patient_78'),
(157, 79, 
      'document_79_1.pdf', 
      'radiographie', 
      '/documents/patient_79'),
(158, 79, 
      'document_79_2.pdf', 
      'radiographie', 
      '/documents/patient_79'),
(159, 80, 
      'document_80_1.pdf', 
      'radiographie', 
      '/documents/patient_80'),
(160, 80, 
      'document_80_2.pdf', 
      'radiographie', 
      '/documents/patient_80'),
(161, 81, 
      'document_81_1.pdf', 
      'radiographie', 
      '/documents/patient_81'),
(162, 81, 
      'document_81_2.pdf', 
      'radiographie', 
      '/documents/patient_81'),
(163, 82, 
      'document_82_1.pdf', 
      'radiographie', 
      '/documents/patient_82'),
(164, 82, 
      'document_82_2.pdf', 
      'radiographie', 
      '/documents/patient_82'),
(165, 83, 
      'document_83_1.pdf', 
      'radiographie', 
      '/documents/patient_83'),
(166, 83, 
      'document_83_2.pdf', 
      'radiographie', 
      '/documents/patient_83'),
(167, 84, 
      'document_84_1.pdf', 
      'radiographie', 
      '/documents/patient_84'),
(168, 84, 
      'document_84_2.pdf', 
      'radiographie', 
      '/documents/patient_84'),
(169, 85, 
      'document_85_1.pdf', 
      'radiographie', 
      '/documents/patient_85'),
(170, 85, 
      'document_85_2.pdf', 
      'radiographie', 
      '/documents/patient_85'),
(171, 86, 
      'document_86_1.pdf', 
      'radiographie', 
      '/documents/patient_86'),
(172, 86, 
      'document_86_2.pdf', 
      'radiographie', 
      '/documents/patient_86'),
(173, 87, 
      'document_87_1.pdf', 
      'radiographie', 
      '/documents/patient_87'),
(174, 87, 
      'document_87_2.pdf', 
      'radiographie', 
      '/documents/patient_87'),
(175, 88, 
      'document_88_1.pdf', 
      'radiographie', 
      '/documents/patient_88'),
(176, 88, 
      'document_88_2.pdf', 
      'radiographie', 
      '/documents/patient_88'),
(177, 89, 
      'document_89_1.pdf', 
      'radiographie', 
      '/documents/patient_89'),
(178, 89, 
      'document_89_2.pdf', 
      'radiographie', 
      '/documents/patient_89'),
(179, 90, 
      'document_90_1.pdf', 
      'radiographie', 
      '/documents/patient_90'),
(180, 90, 
      'document_90_2.pdf', 
      'radiographie', 
      '/documents/patient_90'),
(181, 91, 
      'document_91_1.pdf', 
      'radiographie', 
      '/documents/patient_91'),
(182, 91, 
      'document_91_2.pdf', 
      'radiographie', 
      '/documents/patient_91'),
(183, 92, 
      'document_92_1.pdf', 
      'radiographie', 
      '/documents/patient_92'),
(184, 92, 
      'document_92_2.pdf', 
      'radiographie', 
      '/documents/patient_92'),
(185, 93, 
      'document_93_1.pdf', 
      'radiographie', 
      '/documents/patient_93'),
(186, 93, 
      'document_93_2.pdf', 
      'radiographie', 
      '/documents/patient_93'),
(187, 94, 
      'document_94_1.pdf', 
      'radiographie', 
      '/documents/patient_94'),
(188, 94, 
      'document_94_2.pdf', 
      'radiographie', 
      '/documents/patient_94'),
(189, 95, 
      'document_95_1.pdf', 
      'radiographie', 
      '/documents/patient_95'),
(190, 95, 
      'document_95_2.pdf', 
      'radiographie', 
      '/documents/patient_95'),
(191, 96, 
      'document_96_1.pdf', 
      'radiographie', 
      '/documents/patient_96'),
(192, 96, 
      'document_96_2.pdf', 
      'radiographie', 
      '/documents/patient_96'),
(193, 97, 
      'document_97_1.pdf', 
      'radiographie', 
      '/documents/patient_97'),
(194, 97, 
      'document_97_2.pdf', 
      'radiographie', 
      '/documents/patient_97'),
(195, 98, 
      'document_98_1.pdf', 
      'radiographie', 
      '/documents/patient_98'),
(196, 98, 
      'document_98_2.pdf', 
      'radiographie', 
      '/documents/patient_98'),
(197, 99, 
      'document_99_1.pdf', 
      'radiographie', 
      '/documents/patient_99'),
(198, 99, 
      'document_99_2.pdf', 
      'radiographie', 
      '/documents/patient_99'),
(199, 100, 
      'document_100_1.pdf', 
      'radiographie', 
      '/documents/patient_100'),
(200, 100, 
      'document_100_2.pdf', 
      'radiographie', 
      '/documents/patient_100');

COMMIT;